data_type,section,field_name,description,requirement_level_code,requirement_level,requirement_level_condition,field_type,unit,fixed_format,controlled_vocabulary_options,example,Water,Soil,Sediment,Air,HostAssociated,MicrobialMatBiofilm,SymbiontAssociated,source,URI,modifications.made
studyMetadata,Project,recordedBy,A list (concatenated and separated) of names of people responsible for the submitted dataset,M,Mandatory,,free text,,,,José E. Crespo,,,,,,,,dwc,https://dwc.tdwg.org/list/#dwc_recordedBy,description
studyMetadata,Project,recordedByID,A list (concatenated and separated) of the globally unique identifier for the people responsible for the submitted dataset,R,Recommended,,free text,,,,https://orcid.org/0000-0002-1825-0097  |  https://orcid.org/0000-0002-1825-0098,,,,,,,,dwc,https://dwc.tdwg.org/list/#dwc_recordedByID,description
studyMetadata,Project,project_contact,"A contact person and their contact (i.e., email address) for data enquiry",M,Mandatory,,free text,,,,,,,,,,,,new,,Newly added
studyMetadata,Project,institution,An institution having custody of the object(s) or information referred to in the record.,R,Recommended,,free text,,,,Curtin University,,,,,,,,new,,Newly added
studyMetadata,Project,institutionID,An identifier for the institution having custody of the object(s) or information referred to in the record.,R,Recommended,,free text,,,,http://grscicoll.org/institution/museum-southwestern-biology,,,,,,,,dwc,http://rs.tdwg.org/dwc/terms/institutionID,
studyMetadata,Project,project_name,Name of the project within which the sequencing was organized,R,Recommended,,free text,,,,Forest soil metagenome,,,,,,,,mixs | gbifDNAext,https://w3id.org/mixs/0000092,
studyMetadata,Project,project_id,"A brief, concise project identifier with no spaces or special characters, ensuring machine readability. This ID will be used in data file names as 'project_id'.",M,Mandatory,,free text,,,,noaa-aoml-gomecc4,,,,,,,,nmdc | noaa,https://w3id.org/nmdc/project_id,
studyMetadata,Project,study_factor,"The variable(s) examined in the study, including those of direct interests to address study aims and covariates.",O,Optional,,free text,,,,benthic habitat types | diurnal time series | filter types,,,,,,,,new,,
studyMetadata,Project,detection_type,"Species detection type. Targeted taxon detections include the detection approaches using qPCR, ddPCR and end point PCR, and multi taxon detection includes a metabarcoding HTS approach.",M,Mandatory,,controlled vocabulary,,,targeted taxon detection | multi taxon detection | other,multi taxon detection,,,,,,,,new,,Newly added
studyMetadata,Data management,license,A legal document giving official permission to do something with the resource.,R,Recommended,,free text,,,,http://creativecommons.org/licenses/by/4.0/legalcode,,,,,,,,dwc,https://dwc.tdwg.org/terms/#dcterms:license,
studyMetadata,Data management,rightsHolder,A person or organization owning or managing rights over the resource.,R,Recommended,,free text,,,,The Regents of the University of California,,,,,,,,dwc,http://purl.org/dc/terms/rightsHolder,
studyMetadata,Data management,accessRights,Information about who can access the resource or an indication of its security status.,R,Recommended,,free text,,,,not-for-profit use only ,,,,,,,,dwc,http://purl.org/dc/terms/accessRights,
studyMetadata,Data management,informationWithheld,"Additional information that exists, but that has not been shared in the given record.",O,Optional,,free text,,,,location information not given for endangered species,,,,,,,,dwc,http://rs.tdwg.org/dwc/terms/informationWithheld,
studyMetadata,Data management,dataGeneralizations,"Actions taken to make the shared data (i.e. location, date) less specific or complete than in its original form. Suggests that alternative data of higher quality may be available on request. Note this is not related to genetic generalisation within bioinforamtics workflows (i.e., OTU clustering).",O,Optional,,free text,,,,Coordinates generalized from original GPS coordinates to the nearest half degree grid cell.,,,,,,,,dwc,http://rs.tdwg.org/dwc/terms/dataGeneralizations,description
studyMetadata,Data management,bibliographicCitation,A bibliographic reference for the resource.,R,Recommended,,DOI,,,,DOI: 10.1111/mec.15382,,,,,,,,dwc,http://purl.org/dc/terms/bibliographicCitation,
studyMetadata,Data management,associated_resource,"A related resource that is referenced, cited, or otherwise associated to the sequence. i.e., links to a project website, submitted raw sequence data and environmental metadata.",O,Optional,,free text,,,,http://www.earthmicrobiome.org/,,,,,,,,mixs,https://w3id.org/mixs/0000091,description
studyMetadata,Data management,mod_date,"The last date on which the database information was modified, following the format of yyyy-mm-dd",R,Recommended,,fixed format,,yyyy-mm-dd,,2014-09-09,,,,,,,,nmdc,https://w3id.org/nmdc/mod_date,description
studyMetadata,Data management,checkls_ver,The version of the eDNA metadata checklist used to format the data,M,Mandatory,,numeric,,,,1.1,,,,,,,,new,,
studyMetadata,Data management,seq_archive,"Link to public repository where raw sequence reads are archived. E.g., BioProject accession ID of NCBI SRA repository (at study level in study metadata)",R,Recommended,,free text,,,,PRJNA998750,,,,,,,,new,,
studyMetadata,Data management,code_repo,Link to public repository where analysis code is archived,R,Recommended,,free text,,,,https://github.com/aomlomics/gomecc,,,,,,,,NOAA,,
sampleMetadata | amplificationData,ID,samp_name,"Sample Name is a name that you choose for the sample. It can have any format, but we suggest that you make it concise, unique and consistent within your lab, and as informative as possible. Every Sample Name from a single Submitter must be unique.",M,Mandatory,,free text,,,,LE170714-02,,,,,,,,mixs | gbifDNAext,https://w3id.org/mixs/0001107,
sampleMetadata,Sample collection,samp_category,"A type/category of a sample. 'Sample"" includes biological and technical replicates. If negative or positive control was selected, provide further infomration under the terms fill neg_cont_type and pos_cont_type.",M,Mandatory,,controlled vocabulary,,,sample | negative control | positive control | PCR standard | other,,,,,,,,,new,,
sampleMetadata,Sample collection,decimalLatitude,"The geographic latitude in decimal degrees using WGS84 datum. Positive values are north of the Equator, negative values are south of it. Legal values lie between -90 and 90, inclusive. The desired minimum number of decimal places is the hundred-thousandth (0.00001) to achieve meter scale resolution.",M,Mandatory,"Mandatory unless specified under the term informationWithheld, or samp_category = negative control, positive control, or PCR standard",numeric,,,,-41.0983423,,,,,,,,dwc,http://rs.tdwg.org/dwc/terms/decimalLatitude,description
sampleMetadata,Sample collection,decimalLongitude,"The geographic longitude in decimal degrees using WGS84 datum. Positive values are east of the Greenwich Meridian, negative values are west of it. Legal values lie between -180 and 180, inclusive. The desired minimum number of decimal places is the hundred-thousandth (0.00001) to achieve meter scale resolution.",M,Mandatory,"Mandatory unless specified under the term informationWithheld, or samp_category = negative control, positive control, or PCR standard",numeric,,,,-121.176111,,,,,,,,dwc,http://rs.tdwg.org/dwc/terms/decimalLongitude,description
sampleMetadata,Sample collection,verbatimLatitude,"The original latitude in any format (i.e. deg/min/sec, UTM) before converting to decimal degrees and WGS84. verbatimCoordinateSystem and verbatimGeodeticDatum should be stored as well.",O,Optional,,free text,,,,41 05 54.03S,,,,,,,,dwc,http://rs.tdwg.org/dwc/terms/verbatimLatitude,description
sampleMetadata,Sample collection,verbatimLongitude,"The original longitude in any format (i.e. deg/min/sec, UTM) before converting to decimal degrees and WGS84. verbatimCoordinateSystem and verbatimGeodeticDatum should be stored as well.",O,Optional,,free text,,,,"121d 10' 34"" W",,,,,,,,dwc,http://rs.tdwg.org/dwc/terms/verbatimLongitude,description
sampleMetadata,Sample collection,verbatimCoordinateSystem,The coordinate format of the verbatimLatitude and verbatimLongitude,O,Optional,,controlled vocabulary,,,decimal degrees | degrees minutes seconds | UTM | other,degrees minutes seconds,,,,,,,,dwc,http://rs.tdwg.org/dwc/terms/verbatimCoordinateSystem,description | field_type
sampleMetadata,Sample collection,verbatimSRS,"The ellipsoid, geodetic datum, or spatial reference system (SRS) upon which coordinates given in verbatimLatitude and verbatimLongitude, or verbatimCoordinates are based.",O,Optional,,controlled vocabulary,,,WGS84 | NAD84 | NAD27 | GDA94 | GDA2020 | ETRS89 | JGD2000 | other,NAD84,,,,,,,,dwc,http://rs.tdwg.org/dwc/terms/verbatimSRS,description | field_type
sampleMetadata,Sample collection,geo_loc_name,"The geographical origin of the sample as defined by the country or sea name followed by regions and localities. Country or sea names should be chosen from the INSDC Geographic Location Name List INSDC country list (http://insdc.org/country.html). Fixed format following <country or sea names>:<region>,<locality>. E.g., ""USA: Maryland, Bethesda"" , ""Atlantic Ocean:Charlie Gibbs Fracture Zone""",M,Mandatory,,fixed format,,,,"USA: Maryland, Bethesda",,,,,,,,mixs,https://w3id.org/mixs/0000010,description
sampleMetadata,Sample collection,eventDate,"The date and time of sampling, either as an instance (single point in time) or interval. Must follow ISO 8601 format (yyyy-mm-ddThh:mm:ss). Time zone must be specified after the timestamp (e.g., ""2008-01-23T19:23-06:00"" in the time zone six hours earlier than UTC, ""2008-01-23T19:23Z"" at UTC time). In case no exact time is available, the date/time can be right truncated i.e. all of these are valid times: 2008-01-23T19:23:10+00:00; 2008-01-23T19:23:10Z; 2008-01-23; 2008-01; 2008; Except: 2008-01; 2008 all are ISO8601 compliant",M,Mandatory,,fixed format,,yyyy-mm-ddThh:mm:ss+-hh:mm,,2008-01-23T19:23-06:00,,,,,,,,dwc | mixs,http://rs.tdwg.org/dwc/terms/eventDate | https://w3id.org/mixs/0000011,description
sampleMetadata,Sample collection,eventDurationValue,The numeric value for the duration of the sampling event.,O,Optional,,numeric,,,,25.0,,,,,,,,Humboldt ext,http://rs.tdwg.org/eco/terms/eventDurationValue,description
sampleMetadata,Sample collection,eventDurationUnit,The units associated with the eventDurationValue,O,Optional,,controlled vocabulary,,,minutes | hours | days | months| years,minutes,,,,,,,,Humboldt ext,http://rs.tdwg.org/eco/terms/eventDurationUnit,description
sampleMetadata,Sample collection,verbatimEventDate,Sample collection date before formatting,O,Optional,,free text,,,,23-January-2008,,,,,,,,dwc,http://rs.tdwg.org/dwc/terms/verbatimEventDate,description
sampleMetadata,Sample collection,verbatimEventTime,Sample collection time before formatting and time zone conversions,O,Optional,,free text,,,,10:23,,,,,,,,new,,Newly added
sampleMetadata,Sample collection,verbatimDateEnd,The end date of sample collection before formatting and time zone conversions if sampling was not an instance (single point in time),O,Optional,,free text,,,,23-January-2008,,,,,,,,new,,Newly added
sampleMetadata,Sample collection,verbatimTimeEnd,The end time of sample collection before formatting and time zone conversions if sampling was not an instance (single point in time),O,Optional,,free text,,,,12:23,,,,,,,,new,,Newly added
sampleMetadata,Sample collection,env_broad_scale,"Major environmental system your sample came from. The systems identified should have a coarse spatial grain, to provide the general environmental context of where the sampling was done. Select from ENVO’s biome class: http://purl.obolibrary.org/obo/ENVO_00000428. Examples include; estuarine biome [ENVO:01000020], tropical moist broadleaf forest biome [ENVO:01000228],",M,Mandatory,"Mandatory unless samp_category = negative control, positive control, or PCR standard",fixed format,,termLabel [termID],http://purl.obolibrary.org/obo/ENVO_00000428,estuarine biome [ENVO:01000020],,,,,,,,mixs | gbifDNAext,https://w3id.org/mixs/0000012,description | field_type
sampleMetadata,Sample collection,env_local_scale,"The entity or entities which are in your sample or specimen’s local vicinity and which you believe have significant causal influences on your sample. Select from ENVO's layer class: http://purl.obolibrary.org/obo/ENVO_01000281. Examples include;  marine pelagic zone [ENVO:00000208], estuarine coastal surface layer [ENVO:01001302], shrub layer [ENVO:01000336]",M,Mandatory,"Mandatory unless samp_category = negative control, positive control, or qPCR standard",fixed format,,termLabel [termID],http://purl.obolibrary.org/obo/ENVO_01000281,estuarine coastal surface layer [ENVO:01001302],,,,,,,,mixs | gbifDNAext,https://w3id.org/mixs/0000013,description | field_type
sampleMetadata,Sample collection,env_medium,"Environmental material or materials (pipe separated) immediately surrounded your sample prior to sampling. Select from ENVO's environmental material class (entity/ continuant/ independent continuant/ material entity/ environmental material): http://purl.obolibrary.org/obo/ENVO_00010483. Examples include; soil [ENVO:00001998], marine sediment [ENVO:03000033], air [ENVO:00002005], sea water [ENVO:00002149], fresh water [ENVO:00002011], tap water [ENVO:00003096], fecal material [ENVO:00002003], digestive tract environment [ENVO:2100002], intestine environment [ENVO:2100002], planktonic material [ENVO:01000063]",M,Mandatory,"Mandatory unless samp_category = negative control, positive control, or qPCR standard",fixed format,,termLabel [termID],http://purl.obolibrary.org/obo/ENVO_00010483,soil [ENVO:00001998],,,,,,,,mixs | gbifDNAext,https://w3id.org/mixs/0000014,description | field_type
sampleMetadata,Sample collection,habitat_natural_artificial_0_1,"Whether samples were taken from natural (0) or artificial (1) habitat. The examples of artificial habitat include mesocosm tank in lab, enclosure in zoo etc., including semi-natural systems. The definition of natural habitat is locations uncontrolled by researchers",R,Recommended,,Boolean,,,0 | 1,0.0,,,,,,,,thalinger2020,,
sampleMetadata,Sample collection,samp_collect_method,The method employed for collecting the sample. Provide a link to a paper/ handbook/ standard operation protocol if any.,R,Recommended,,free text,,,,https://research.csiro.au/ambsm/1-sample-collection-procedures/meth_1-2-soil-sampling-for-utas-urban-soil-and-aerial-microbiome-study/,1,1,1,1,1,1,1,mixs | gbifDNAext,https://w3id.org/mixs/0001225,description
sampleMetadata,Sample collection,samp_collect_device,"The device used to collect an environmental sample. This field accepts terms listed under environmental sampling device (https://ontobee.org/ontology/OBI?iri=http://purl.obolibrary.org/obo/OBI_0000968) such as syringe [OBI_0000422] and container [OBI_0000967] as well as free-text entry (i.e. niskin bottle, push core, spoon, water bottle).",R,Recommended,,free text,,,,push core,1,1,1,1,1,1,1,mixs | gbifDNAext,https://w3id.org/mixs/0000002,description
sampleMetadata,Sample collection,samp_size,"Amount or size of original sample (volume, mass or area) that was collected from the environment. Specify the unit under the term samp_size_unit. Note: the amount or size of (sub)sample processed for DNA extraction should be entered under the term samp_vol_we_dna_ext.",R,Recommended,,numeric,Select from sampl_size_unit,,,5.0,1,1,1,1,1,1,1,mixs | gbifDNAext,https://w3id.org/mixs/0000001,description
sampleMetadata,Sample collection,samp_size_unit,Unit for samp_size,R,Recommended,,controlled vocabulary,,,mL | L | mg | g | kg | cm2 | m2 | cm3 | m3 | other,L,1,1,1,1,1,1,1,new,,Newly added
sampleMetadata,Sample storage,samp_store_temp,"Temperature at which the sample was stored. Enter either the fixed term ""ambient temperature"" or a numeric value. Note: If a sample was processed before DNA extraction (e.g., filtration, homogenisation, subsampling), enter the storage temperature before the process here, and the storage temperature of the processed sample (i.e., filter paper) under a term prepped_samp_store_temp.",R,Recommended,,numeric or controlled vocabulary,degree Celsius,,numeric value | ambient temperature | other,-80.0,1,1,1,1,1,1,1,mixs,https://w3id.org/mixs/0000110,description | field_type
sampleMetadata,Sample storage,samp_store_sol,"Solution within which the sample was stored. Note: If a asample was processed before DNA extraction (e.g., filtration, homogenisation, subsampling), enter the storage solution before the process here, and the storage solution of the processed sample under the term prepped_samp_store_sol.",R,Recommended,,controlled vocabulary,,,ethanol | sodium acetate | longmire | lysis buffer | none | other,none,1,1,1,1,1,1,1,mixs,https://w3id.org/mixs/0001317,description | field_type
sampleMetadata,Sample storage,samp_store_dur,"Duration for which the sample was stored prior to DNA extraction, written in ISO 8601 format (i.e., P14D for 14 days period. P1Y6M for 1 year and 6 months period). Note: If a sample was processed before DNA extraction (e.g., filtration, homogenisation, subsampling), enter the storage duration before the process here, and the storage duration of the processed sample under the term prepped_samp_store_temp.",O,Optional,,fixed format,,PnYnMnWnDTnHnMnS,,P1Y6M,1,1,1,1,1,1,1,mixs,https://w3id.org/mixs/0000116,description
sampleMetadata,Sample storage,samp_store_method_additional,"Additional information on sample storage method, that has not been shared in the given record.",O,Optional,,free text,,,,The sample was thawed overnight at room temperature prior to DNA extraction,1,1,1,1,1,1,1,new,,Newly added
sampleMetadata,Sample preparation,samp_mat_process,"Any processing applied to the sample during or after retrieving the sample from environment (i.e. sieving, filtration, precipitation, homogenising, subsampling).",O,Optional,,free text,,,,"Water samples were pre-filtered using a sieve (200 micrometers), then filtered using a peristaltic pump (pore size 0.45 micrometers).",1,1,1,1,1,1,1,mixs | gbifDNAext,https://w3id.org/mixs/0000016,description
sampleMetadata,Sample preparation,filter_passive_active_0_1,"Whether water/ air samples were collected using active (i.e. pump, fan) or passive (i.e. submerged materials in water/air) filtration approach. Active = 1, Passive = 0",R,Recommended,,Boolean,,,0 | 1,1.0,1,0,0,1,0,0,0,new,,Newly added
sampleMetadata,Sample preparation,filter_onsite_dur,"Duration of on-site filtration. In other words, filter deployment period. Recommended to record it if filters were deployed directly in the environment (i.e. airborne eDNA sampling, plankton tow, filters submerged in water). Follow the fixed format according to ISO 8601 durations (PnYnMnWnDTnHnMnS for P<date>T<time>). e.g., P1Y1M1DT1H1M1.1S = One year, one month, one day, one hour, one minute, one second, and 100 milliseconds",R,Recommended,,fixed format,,PnYnMnWnDTnHnMnS,,T1H30M,1,0,0,1,0,0,0,new,,Newly added
sampleMetadata,Sample preparation,size_frac_low,Refers to the mesh/pore size used to pre-filter/pre-sort the sample. Materials larger than the size threshold are excluded from the sample,O,Optional,,numeric,µm,,,20.0,1,0,0,1,0,0,0,mixs,https://w3id.org/mixs/0000735,field_type
sampleMetadata,Sample preparation,size_frac,Filtering pore size used in sample filtration,R,Recommended,If filtration was applied,numeric,µm,,,0.22,1,0,0,1,0,0,0,mixs | gbifDNAext,https://w3id.org/mixs/0000017,
sampleMetadata,Sample preparation,filter_diameter,Diameter of a filter if circular,O,Optional,,numeric,mm,,,47.0,1,0,0,1,0,0,0,thalinger2020,,
sampleMetadata,Sample preparation,filter_surface_area,Surface area of a filter,O,Optional,,numeric,mm2,,,1734.94,1,0,0,1,0,0,0,thalinger2020,,
sampleMetadata,Sample preparation,filter_material,Material of filter,O,Optional,,controlled vocabulary,,,cellulose | cellulose ester | glass fiber | thermoplastic membrane | track etched polycarbonate | nylon | other,cellulose ester,1,0,0,1,0,0,0,nmdc,https://w3id.org/nmdc/filter_material,description | field_type
sampleMetadata,Sample preparation,filter_name,Commercial names and brand of filter,O,Optional,,free text,,,,Merck Sterivex,1,0,0,1,0,0,0,new,,
sampleMetadata,Sample preparation,precip_chem_prep,Chemicals used in precipitation at the sample preparation step prior to DNA extraction,R,Recommended,If applicable,controlled vocabulary,,,ethanol | isopropanol | sodium chloride | other,ethanol | sodium chloride,1,1,1,0,0,0,0,thalinger2020,,field_name | description
sampleMetadata,Sample preparation,precip_force_prep,Force used for precipitation at the sample preparation step prior to DNA extraction,R,Recommended,If applicable,numeric,x g,,,20000.0,1,1,1,0,0,0,0,thalinger2020,,field_name | description
sampleMetadata,Sample preparation,precip_time_prep,Time of centrifugation for precipitation at the sample preparation step prior to DNA extraction,R,Recommended,If applicable,numeric,minute,,,45.0,1,1,1,0,0,0,0,thalinger2020,,field_name | description
sampleMetadata,Sample preparation,precip_temp_prep,Temperature during centrifugation for precipitation at the sample preparation step prior to DNA extraction,R,Recommended,If applicable,numeric,degree Celsius,,,10.0,1,1,1,0,0,0,0,thalinger2020,,field_name | description
sampleMetadata,Sample preparation,prepped_samp_store_temp,Temperature at which the prepared sample was stored prior to DNA extraction. Record either 'ambient' or a numeric value in degree Celsius.,R,Recommended,If applicable,numeric or controlled vocabulary,degree Celsius,,numeric value | ambient temperature | other,ambient temperature,1,1,1,1,1,1,1,thalinger2020,,field_name | description | field_type
sampleMetadata,Sample preparation,prepped_samp_store_sol,Solution within which the prepared sample was stored prior to DNA extraction,R,Recommended,If applicable,controlled vocabulary,,,ethanol | sodium acetate | longmire | lysis buffer | none | other,lysis buffer,1,1,1,1,1,1,1,new,,Newly added
sampleMetadata,Sample preparation,prepped_samp_store_dur,Duration for which the prepared sample was stored prior to DNA extraction,O,Optional,If applicable,numeric,day,,,14.0,1,1,1,1,1,1,1,new,,Newly added
sampleMetadata,Sample preparation,prep_method_additional,"Additional information on sample preparation, storage and preservation prior to DNA extraction, that has not been shared in the given record",O,Optional,If applicable,free text,,,,"See Villacorta-Rath et al. (2020) (doi.org/10.1002/edn3.114) for the detailed precipitation protocols. ATL lysis buffer was used for prepped_samp_store_sol. Prepped_samp_store_temp was ambient, average of 22 degree Celsius",1,1,1,1,1,1,1,new,,Newly added
studyMetadata,Quality assurance,neg_cont_type,"A negative control type used in an investigation. See Table 2 in Klymus et al. 2024 (DOI) for the description of each control type, how and why it's created. For example, process negative is a sample added during processing that lacks target DNA, such as blank filter papers.",M,Mandatory,If sample_type = negative control,controlled vocabulary,,,site negative | field negative | process negative | extraction negative | PCR negative | other,field negative | process negative | extraction negative | PCR negative,,,,,,,,mixs,https://w3id.org/mixs/0001321,description | field_type
studyMetadata,Quality assurance,pos_cont_type,"A positive control type used in an investigation. See Table 2 in Klymus et al. 2024 (DOI) for the description of each control type, how and why it's created. For example, PCR positive is a introduced target material to monitor for PCR success, including moch community samples. Provide further details (e.g., synthetic DNA) where applicable.",M,Mandatory,If sample_type = positive control,free text,,,,PCR positive of synthetic DNA,,,,,,,,mixs,https://w3id.org/mixs/0001322,
sampleMetadata,Quality assurance,rel_cont_id,(A list of) samp_id of the negative and positive controls realted to each sample,R,Recommended,,free text,,,,field_blank1 | ext_blank2 | pcr_ntc_plate1 | pcr_posC_plate1,,,,,,,,new,,
studyMetadata,Quality assurance,sterilise_method,What were the protocols in the field and/or laboratory to minimise contaminations?,R,Recommended,,free text,,,,Sampling bottles were rinsed with 10% bleached and DI water. Single-use syringes and capsule filters were used for filtration. Single-use gloves were used to collect and filter each sample.,,,,,,,,new,,Newly added
sampleMetadata,Sample relations,sample_derived_from,"This field refers to the samp_name of the original (or parent) sample from which the current sample was derived. For example, if sample ""S1"" (the parent sample) was collected at a sampling site and later subsampled into three child samples with samp_names ""S1_1"", ""S1_2"", ""S1_3"", then ""S1"" is the value for sample_derived_from in each of the child samples. This includes the case of pcr technical replicates.",O,Optional,,fixed format,,(a list of) samp_name,,S1,,,,,,,,INSDC,,
sampleMetadata,Sample relations,sample_composed_of,"This field contains a list of samp_name values that represent the original samples combined to form the current sample. For example, if environmental samples ""S1"" and ""S2"" were pooled into a single sample ""S3"" at any stage (e.g., before or after DNA extraction), then the value for sample_composed_of in ""S3"" would be ""S1 | S2"".",O,Optional,,fixed format,,(a list of) samp_name,,S1 | S2,,,,,,,,INSDC,,
sampleMetadata,Sample relations,biological_rep_relation,"This field lists the samp_name of biological replicates associated with the current sample. For example, if three biolgoical replicates (""S1_1"", ""S1_2"", and ""S1_3"") were collected from the same sampling site, the value for biological_rep_relation in each of these replicates would be ""S1_1 | S1_2 | S1_3"".",O,Optional,,fixed format,,(a list of) samp_name,,S1_1 | S1_2 | S1_3,,,,,,,,new,,
sampleMetadata,Nucleic acid extraction,samp_vol_we_dna_ext,Volume or mass of sample or subsamples that was processed for DNA extraction. Note: total sample collected from the environment should be entered under the term samp_size. Specify the unit under the term samp_vol_ext_unit.,R,Recommended,,numeric,select from samp_vol_ext_unit,,,1500.0,,,,,,,,mixs | gbifDNAext,https://w3id.org/mixs/0000111,description
sampleMetadata,Nucleic acid extraction,samp_vol_we_dna_ext_unit,Unit for samp_vol_we_dna_ext,R,Recommended,,controlled vocabulary,,,mL | L | mg | g | kg | cm2 | m2 | cm3 | m3 | other,mL,,,,,,,,new,,Newly added
sampleMetadata,Nucleic acid extraction,nucl_acid_ext_lysis,"The approach used to lyse DNA-containing material. For example, physical methods may involve freeze-thaw cycles or the uses of bead mills, homogenizers and sonicators. Thermal methods apply high temperatures, often used in combination wiht other methods.",O,Optional,,controlled vocabulary,,,physical | chemical | enzymatic | thermal | osmotic | other,,,,,,,,,new,,
sampleMetadata,Nucleic acid extraction,nucl_acid_ext_sep,The approach used to separate DNA from a mixture.,O,Optional,,controlled vocabulary,,,column-based | magnetic beads | centrifugation | precipitation | phenol chloroform | gel electrophoresis | other,,,,,,,,,new,,
sampleMetadata,Nucleic acid extraction,nucl_acid_ext,"A link to a literature reference, electronic resource or a standard operating procedure (SOP), that describes the material separation to recover the nucleic acid fraction from a sample. If a custom extraction method has been developed and applied to the samples within this dataset, it is highly recommended to make the SOP available and provide the link here.",R,Recommended,,free text,,,,https://www.qiagen.com/us/resources/resourcedetail?id=5a0517a7-711d-4085-8a28-2bb25fab828a&lang=en,,,,,,,,mixs | gbifDNAext,https://w3id.org/mixs/0000037,description
sampleMetadata,Nucleic acid extraction,nucl_acid_ext_kit,The name of the extraction kit used to recover the nucleic acid fraction of an input material,R,Recommended,,free text,,,,Qiagen PowerSoil Kit,,,,,,,,mixs,https://w3id.org/mixs/0001223,description
sampleMetadata,Nucleic acid extraction,nucl_acid_ext_modify,"Description of modification made from a commercial or established protocol (nucl_acid_ext), if made.",R,Recommended,,free text,,,,"Sample was lysed in 540 µL of ATL buffer and 60 µL of Proteinase K, and eluted in 100 µL of buffer EB, instead of 180 µL, 20 µL and 200 µL respectively",,,,,,,,thalinger2020,,field_name
sampleMetadata,Nucleic acid extraction,dna_cleanup_0_1,"Was the extracted DNA cleaned/purified? Yes = 1, No =0",O,Optional,,Boolean,,,0 | 1,1.0,,,,,,,,new,,Newly added
sampleMetadata,Nucleic acid extraction,dna_cleanup_method,A description of DNA clean-up method. Provide the name of a commercial kit if used.,O,Optional,If dna_cleanup_0_1 is 1,free text,,,,Zymo DNA Clean & Concentrator Kits,,,,,,,,new,,Newly added
sampleMetadata,Nucleic acid extraction,concentration,Concentration of total DNA after extraction,O,Optional,,numeric,ng/µl,,,67.5,,,,,,,,gbifDNAext,https://rs.gbif.org/extension/gbif/1.0/dna_derived_data_2022-02-23.xml,description
sampleMetadata,Nucleic acid extraction,concentration_method,Description of method/instrument used for concentration measurement,O,Optional,,free text,,,,Qubit 4.0 Fluorometer (Invitrogen),,,,,,,,gbifDNAext,https://rs.gbif.org/extension/gbif/1.0/dna_derived_data_2022-02-23.xml,field_name | description
sampleMetadata,Nucleic acid extraction,ratioOfAbsorbance260_280,"Ratio of absorbance at 260 nm and 230 nm assessing DNA purity (mostly secondary measure, indicates mainly EDTA, carbohydrates, phenol), (DNA samples only).",O,Optional,,numeric,,,,,,,,,,,,gbifDNAext,https://rs.gbif.org/extension/gbif/1.0/dna_derived_data_2022-02-23.xml,description
sampleMetadata,Nucleic acid extraction,pool_dna_num,The number of extracts that were pooled in to one sample before PCR,R,Recommended,,integer,,,,2.0,,,,,,,,mixs,https://w3id.org/mixs/0000325,description | field_type | field_name
sampleMetadata,Nucleic acid extraction,nucl_acid_ext_method_additional,"Additional information on nucleic acid extraction method, that has not been shared in the given record.",O,Optional,,free text,,,,,,,,,,,,new,,
studyMetadata,PCR,pcr_0_1,"Was PCR performed in the study? Yes = 1, No (pcr-free approaches including shotgun metagenomics, Nanopore) = 0",M,Mandatory,,Boolean,,,0 | 1,1.0,,,,,,,,new,,Newly added
studyMetadata,PCR,thermocycler,The manufacturer and model of a thermocycler used,O,Optional,,free text,,,,"Thermo Fisher Scientific, QuantStudio 6",,,,,,,,MIQE,,
studyMetadata,PCR,amplificationReactionVolume,The total PCR reaction volume,O,Optional,,numeric,µL,,,22.0,,,,,,,,gbifDNAext | MIQE,https://rs.gbif.org/extension/gbif/1.0/dna_derived_data_2022-02-23.xml,
studyMetadata | sampleMetadata | amplificationData,PCR,assay_name,"A brief, concise identifier for sequencing library with no spaces or special characters, ensuring machine readability. This ID will be used in file names as 'library_id'.",M,Mandatory,,free text,,,,MiFish,,,,,,,,new,,
studyMetadata,PCR,assay_validation,"How was the assay validated for specificify? e.g., in-silico, in-vitro, in-situ validations, sanger sequencing, repeat analysis with alternate assay, intra/inter species tests",R,Recommended,,free text,,,,,,,,,,,,new,,Newly added
studyMetadata,PCR,targetTaxonomicAssay,"Taxa or species name targeted by the primers, probes, and/or other approaches applied in the PCR.",M,Mandatory,"If pcr_0_1 is 1. Else, recommended",free text,,,,verteberate,,,,,,,,new,,"Newly added, following the name style of targetTaxonomicScope"
studyMetadata,PCR,targetTaxonomicScope,"The taxonomic group(s) targeted in the study. This can differ from the targetTaxonomicPCR. For example, the targetTaxonomicPCR may be Chordata while the targetTaxonomicScope is Chondrichthyes (bony fish, sharks and rays).",R,Recommended,,free text,,,,teleost,,,,,,,,Humboldt ext,http://rs.tdwg.org/eco/terms/targetTaxonomicScope,
studyMetadata,PCR,target_gene,Targeted gene or locus name for marker gene studies,R,Recommended,,controlled vocabulary,,,12S rRNA | 16S rRNA | 18S rRNA | 23S rRNA | 28S rRNA | rbcL | CytB | COI | COII | COIII | nifH | ITS | ND1 | ND2 | ND3 | ND4 | ND5 | ND6 | amoA | rpoB | rpoC1 | rpoC2 | matK | trnH | trnL | psbK | D-loop |  | other,COI,,,,,,,,mixs | gbifDNAext,https://w3id.org/mixs/0000044,field_type
studyMetadata,PCR,target_subfragment,Name of subfragment of a gene or locus. Important to e.g. identify special regions on marker genes like V6 on 16S rRNA.,O,Optional,,free text,,,,V6,,,,,,,,mixs | gbifDNAext,https://w3id.org/mixs/0000045,
studyMetadata,PCR,ampliconSize,"The length of the amplicon in basepairs EXCLUDING the primers, adaptors and MIDs. If it's a range, use pipe (i.e. 140 | 160)",O,Optional,,integer,basepairs,,,83.0,,,,,,,,gbifDNAext | MIQE,https://rs.gbif.org/extension/gbif/1.0/dna_derived_data_2022-02-23.xml,description
studyMetadata,PCR,pcr_primer_forward,"Forward PCR primer (5' - 3') that were used to amplify the sequence of the targeted gene. The primer sequence should NOT contain MIDs and adaptor sequences, and should be reported in uppercase letters. If multiple forward primers are present in a single PCR reaction, either report them separately in separate submissions (with separate OTU tables for each primer set), or list the primers here separated by pipe ( | ) and provide one OTU table resulting from all the primers applied here. The latter is recommended only when the multiple primers target the same gene region and thus a single OTU table was generated from the multiplexed PCR. This field is required except for PCR free methods.",M,Mandatory,If pcr_0_1 is 1,free text,,,,GGWACWGGWTGAACWGTWTAYCCYCC,,,,,,,,gbifDNAext,https://rs.gbif.org/extension/gbif/1.0/dna_derived_data_2022-02-23.xml,description
studyMetadata,PCR,pcr_primer_reverse,"Reverse PCR primer (5' - 3') that were used to amplify the sequence of the targeted gene. The primer sequence should NOT contain MIDs and adaptor sequences, and should be reported in uppercase letters. If multiple reverse primers are present in a single PCR reaction, either report them separately in separate submissions (with separate OTU tables for each primer set), or list the primers here separated by pipe ( | ) and provide one OTU table resulting from all the primers applied here. The latter is recommended only when the multiple primers target the same gene region and thus a single OTU table was generated from the multiplexed PCR. This field is required except for PCR free methods.",M,Mandatory,If pcr_0_1 is 1,free text,,,,GGRGGRTASACSGTTCASCCSGTSCC,,,,,,,,gbifDNAext,https://rs.gbif.org/extension/gbif/1.0/dna_derived_data_2022-02-23.xml,description
studyMetadata,PCR,pcr_primer_name_forward,"Name of the pcr_primer_forward. If multiple primers are listed in pcr_primer_forward, list the names respectively, separated by pipe ( | ).",O,Optional,,free text,,,,mlCOIintF,,,,,,,,gbifDNAext,https://rs.gbif.org/extension/gbif/1.0/dna_derived_data_2022-02-23.xml,description
studyMetadata,PCR,pcr_primer_name_reverse,"Name of the pcr_primer_reverse. If multiple primers are listed in pcr_primer_reverse, list the names respectively, separated by pipe ( | ).",O,Optional,,free text,,,,mlCOIintR,,,,,,,,gbifDNAext,https://rs.gbif.org/extension/gbif/1.0/dna_derived_data_2022-02-23.xml,description
studyMetadata,PCR,pcr_primer_reference_forward,"Reference (i.e. DOI) of the pcr_primer_forward. If multiple primers are listed in pcr_primer_forward, list the references respectively, separated by pipe ( | ).",R,Recommended,,free text,,,,https://doi.org/10.1186/1742-9994-10-34,,,,,,,,gbifDNAext,https://rs.gbif.org/extension/gbif/1.0/dna_derived_data_2022-02-23.xml,Forward and reverse separated
studyMetadata,PCR,pcr_primer_reference_reverse,"Reference (i.e. DOI) of the pcr_primer_reverse. If multiple primers are listed in pcr_primer_reverse, list the references respectively, separated by pipe ( | ).",R,Recommended,,free text,,,,https://doi.org/10.1186/1742-9994-10-34,,,,,,,,gbifDNAext,https://rs.gbif.org/extension/gbif/1.0/dna_derived_data_2022-02-23.xml,Forward and reverse separated
studyMetadata,PCR,pcr_primer_vol_forward,Volume of pcr_primer_forward per reaction,O,Optional,,numeric,µL,,,2.0,,,,,,,,new,,
studyMetadata,PCR,pcr_primer_vol_reverse,Volume of pcr_primer_reverse per reaction,O,Optional,,numeric,µL,,,2.0,,,,,,,,new,,
studyMetadata,PCR,pcr_primer_conc_forward,Concentration of pcr_primer_forward,O,Optional,,numeric,µM,,,5.0,,,,,,,,miqe,,
studyMetadata,PCR,pcr_primer_conc_reverse,Concentration of pcr_primer_reverse,O,Optional,,numeric,µM,,,5.0,,,,,,,,miqe,,
studyMetadata,PCR,probeReporter,"Type of fluorophore (reporter) used. Probe anneals within amplified target DNA. Polymerase activity degrades the probe that has annealed to the template, and the probe releases the fluorophore from it and breaks the proximity to the quencher, thus allowing fluorescence of the fluorophore.",R,Recommended,,free text,,,,FAM,,,,,,,,gbifDNAext | MIQE,https://rs.gbif.org/extension/gbif/1.0/dna_derived_data_2022-02-23.xml,
studyMetadata,PCR,probeQuencher,"Type of quencher used. The quencher molecule quenches the fluorescence emitted by the fluorophore when excited by the cycler’s light source As long as fluorophore and the quencher are in proximity, quenching inhibits any fluorescence signals.",R,Recommended,,controlled vocabulary,,,Zero-End Quencher (ZEN) | TAMRA | lowa Black | Minor Groove Binder (MGB) | Black Hole Quencher (BHQ) | other,MGB,,,,,,,,gbifDNAext | MIQE,https://rs.gbif.org/extension/gbif/1.0/dna_derived_data_2022-02-23.xml,field_type
studyMetadata,PCR,probe_seq,"If applicable, probe sequence in the 5' to 3' direction",R,Recommended,,free text,,,,CTTGTTTGTTTGATCAATTC,,,,,,,,new,,Newly added
studyMetadata,PCR,probe_ref,Reference (i.e. DOI) of the probe_seq,O,Optional,,free text,,,,10.1007/s00227-017-3141-x,,,,,,,,new,,Newly added
studyMetadata,PCR,probe_conc,"concentration of probe, if applicable",O,Optional,,numeric,nM,,,100.0,,,,,,,,miqe,,
studyMetadata,PCR,commercial_mm,"Name, brand, and manufacture of commercial, pre-made master mix",R,Recommended,,free text,,,,"Luna® Universal qPCR Master Mix, New England Biolabs",,,,,,,,MIQE,,
studyMetadata,PCR,custom_mm,"composition of custom master mix, including the names, volumes and concentrations of additives (i.e., salts, buffers, enzyme and other components)",R,Recommended,,free text,,,,"Each PCR reaction comprised: 1 x Taq Gold buffer (Applied Biosystems [ABI], USA), 2 nM MgCl2 (ABI, USA), 0.4 mg/mL BSA (Fisher Biotec, Australia), 0.25 mM dNTPs (Astral Scientific, Australia), 0.4 μM each of forward and reverse primers (Integrated DNA Technologies, Australia), 0.6 μL of 1/10,000 SYBR Green dye (Life Technologies, USA), 1 U of Taq polymerase Gold (ABI, USA), 2 μL of DNA, and made up to 25 μL with PCR grade water",,,,,,,,MIQE,,
studyMetadata,PCR,pcr_dna_vol,Volume of DNA added in each PCR reaction,R,Recommended,,numeric,µL,,,2.0,,,,,,,,MIQE,,
studyMetadata,PCR,pcr_rep,"The number of PCR technical replicates. For metabarcoding, each replicate should employ an identical MID.",R,Recommended,,integer,,,,3.0,,,,,,,,new,,
studyMetadata,PCR,nucl_acid_amp,"A link to a literature reference, electronic resource or a standard operating procedure (SOP), that describes the nucleic acid amplification",R,Recommended,,free text,,,,https://phylogenomics.me/protocols/16s-pcr-protocol/,,,,,,,,mixs,https://w3id.org/mixs/0000038,description
studyMetadata,PCR,pcr_cond,"Description of reaction conditions and components of PCR (including the second step in 2-step PCR if applicable). The recommended format is ´initial denaturation:degrees_minutes;annealing:degrees_minutes;elongation:degrees_minutes;final elongation:degrees_minutes;total cycles´, where possible.",O,Optional,,free text,,initial denaturation:degrees_minutes;annealing:degrees_minutes;elongation:degrees_minutes;final elongation:degrees_minutes;total cycles,,initial denaturation:94_3;annealing:50_1;elongation:72_1.5;final elongation:72_10;35,,,,,,,,mixs | gbifDNAext,https://w3id.org/mixs/0000049,description
studyMetadata,PCR,annealingTemp,The reaction temperature during the annealing phase of PCR.,O,Optional,,numeric,degree Celsius,,,60.0,,,,,,,,gbifDNAext | MIQE,https://rs.gbif.org/extension/gbif/1.0/dna_derived_data_2022-02-23.xml,
studyMetadata,PCR,pcr_cycles,Number of PCR cycles,O,Optional,,numeric,cycles,,,40.0,,,,,,,,nmdc,https://w3id.org/nmdc/pcr_cycles,description
studyMetadata,PCR,pcr_analysis_software,The program used to analyse the PCR runs.,O,Optional,,free text,,,,BIO-RAD QuantaSoft,,,,,,,,gbifDNAext,https://rs.gbif.org/extension/gbif/1.0/dna_derived_data_2022-02-23.xml,description
sampleMetadata,PCR,pcr_plate_id,PCR plate ID,R,Recommended,,free text,,,,20240802_pcr1,,,,,,,,new,,
studyMetadata,PCR,pcr_method_additional,"Additional information on PCR or PCR-free method, that has not been shared in the given record (i.e. multiplexing, hybridisation, CRISPR-Cas)",O,Optional,,free text,,,,"Blocking primer (TAGTATAGCTACGAAGCCGAGGAGG-c3) (Wilcox et al. 2014, DOI 10.1007/s12686-013-0113-4) was applied to prevent elongation of a closely related species",,,,,,,,new,,Newly added
studyMetadata,Targeted taxon detection,amp_vis_method,"Amplicon visualisation method (i.e., qPCR, dPCR, gel electrophoresis, PCR capillary electrophoresis (PCR-CE), Loop-mediated isothermal amplification (LAMP)) to determine the detection of a targeted taxon",M,Mandatory,If detection_type = targeted taxon detection & pcr_0_1 = 1,controlled vocabulary,,,qPCR | dPCR | gel electrophoresis | CE-PCR | LAMP | other,qPCR,,,,,,,,new,,
studyMetadata,Targeted taxon detection,detection_criteria,"Criteria to determine positive detection. For example, a certain number of positive amplifications per sample, sanger sequencing of amplicons",M,Mandatory,If detection_type = targeted taxon detection & pcr_0_1 = 1,free text,,,,The minimum number of PCR replicates of 2 with positive amplification,,,,,,,,thalinger2020,,field_name | description
studyMetadata,Targeted taxon detection,lod_method,"Method used for determining LOD e.g., DOI of a published procedure",R,Recommended,,free text,,,,DOI: 10.1002/edn3.220,,,,,,,,new,,
studyMetadata,Targeted taxon detection,pcr_assay_lod_techreps,The number of technical replicates that the LOD is applied to. See DOI: 10.1002/edn3.220,R,Recommended,,integer,,,,,,,,,,,,new,,
studyMetadata,Targeted taxon detection,pcr_assay_lod,Assay's limit of detection (LOD) (the lowest amount of target taxon DNA that can be detected with a defined level of confidence).,M,Mandatory,If detection_type = targeted taxon detection & pcr_0_1 = 1,numeric,,,,51.0,,,,,,,,gbifDNAext | MIQE,https://rs.gbif.org/extension/gbif/1.0/dna_derived_data_2022-02-23.xml,field_name | description
studyMetadata,Targeted taxon detection,pcr_assay_lod_unit,Unit for pcr_assay_lod,M,Mandatory,If detection_type = targeted taxon detection & pcr_0_1 = 1,controlled vocabulary,,,copies/reaction | copies/µL | ng/reaction | ng/µL | other,ng/µL,,,,,,,,new,,
studyMetadata,Targeted taxon detection,pcr_assay_lod_UL,Upper 95% confidence limit for LOD for a given number of technical replicates. See DOI: 10.1002/edn3.220,R,Recommended,,numeric,same as pcr_assay_lod_unit,,,,,,,,,,,new,,
studyMetadata,Targeted taxon detection,pcr_assay_lod_LL,Lower 95% confidence limit for LOD for a given number of technical replicates. See DOI: 10.1002/edn3.220,R,Recommended,,numeric,same as pcr_assay_lod_unit,,,,,,,,,,,new,,
studyMetadata,Targeted taxon detection,loq_method,"Method used for determining LOQ e.g., DOI of a published procedure",R,Recommended,,free text,,,,DOI: 10.1002/edn3.220,,,,,,,,new,,
studyMetadata,Targeted taxon detection,pcr_assay_loq_techreps,The number of technical replicates that the LOQ is applied to. See DOI: 10.1002/edn3.220,R,Recommended,,integer,,,,,,,,,,,,new,,
studyMetadata,Targeted taxon detection,pcr_assay_loq,Assay's limit of quantification (LOQ) (the lowest amount of target taxon DNA that can be quantitatively determined with a stated precision under the stated experimental conditions).,M,Mandatory,If detection_type = targeted taxon detection & pcr_0_1 = 1,numeric,,,,184.0,,,,,,,,gbifDNAext | MIQE,https://rs.gbif.org/extension/gbif/1.0/dna_derived_data_2022-02-23.xml,field_name | description
studyMetadata,Targeted taxon detection,pcr_assay_loq_unit,unit for pcr_assay_loq,M,Mandatory,If detection_type = targeted taxon detection & pcr_0_1 = 1,controlled vocabulary,,,copies/reaction | copies/µL | ng/reaction | ng/µL | other,ng/µL,,,,,,,,new,,
studyMetadata,Targeted taxon detection,pcr_assay_loq_UL,Upper 95% confidence limit for LOQ for a given number of technical replicates. See DOI: 10.1002/edn3.220,R,Recommended,,numeric,same as pcr_assay_loq_unit,,,,,,,,,,,new,,
studyMetadata,Targeted taxon detection,pcr_assay_loq_LL,Lower 95% confidence limit for LOQ for a given number of technical replicates. See DOI: 10.1002/edn3.220,R,Recommended,,numeric,same as pcr_assay_loq_unit,,,,,,,,,,,new,,
studyMetadata,Targeted taxon detection,std_type,The type of standard used for standard curves,R,Recommended,,controlled vocabulary,,,synthetic double-stranded DNA | plasmid | amplicon | gDNA | other,synthetic double-stranded DNA,,,,,,,,new,,
studyMetadata,Targeted taxon detection,std_source,The source of standard used for standard curves,O,Optional,,free text,,,,ThermoFisher,,,,,,,,new,,
studyMetadata,Targeted taxon detection,std_seq,DNA sequences of standard,R,Recommended,,free text,,,,GTCTCTCCCTGTATATCGTCATGACATCTTCAGCCTTCCTCACATTAAAAACCAACAACTCTTTAACCATCAATACTCTCGCAACTTCATGAACTAAATCCCGACCCTTGCCGCATTAACCGCTCT,,,,,,,,new,,
studyMetadata,Targeted taxon detection,thresholdQuantificationCycle,Threshold for change in fluorescence signal between cycles,M,Mandatory,If detection_type = targeted taxon detection & amp_vis_method = qPCR,numeric,No unit,,,0.3,,,,,,,,gbifDNAext | MIQE,https://rs.gbif.org/extension/gbif/1.0/dna_derived_data_2022-02-23.xml,
studyMetadata,Targeted taxon detection,baselineValue,The number of cycles when fluorescence signal from the target amplification is below background fluorescence not originated from the real target amplification.,O,Optional,,integer,cycle,,,15.0,,,,,,,,gbifDNAext | MIQE,https://rs.gbif.org/extension/gbif/1.0/dna_derived_data_2022-02-23.xml,
studyMetadata,Targeted taxon detection,automaticThresholdQuantificationCycle,Whether the threshold was set by the instrument (1) or manually (0).,O,Optional,,Boolean,,,0 | 1,1.0,,,,,,,,gbifDNAext | MIQE,https://rs.gbif.org/extension/gbif/1.0/dna_derived_data_2022-02-23.xml,description | field_type
studyMetadata,Targeted taxon detection,automaticBaselineValue,Whether the baseline value was set by the instrument (1) or manually (0).,O,Optional,,Boolean,,,0 | 1,1.0,,,,,,,,gbifDNAext | MIQE,https://rs.gbif.org/extension/gbif/1.0/dna_derived_data_2022-02-23.xml,description | field_type
amplificationData,Targeted taxon detection,std_conc,DNA concentration of qPCR standard,M,Mandatory,if samp_category = PCR standard,numeric,,,,,,,,,,,,new,,
amplificationData,Targeted taxon detection,std_conc_unit,Unit for DNA concentration of qPCR standard,M,Mandatory,if samp_category = PCR standard,controlled vocabulary,,,copies/reaction | copies/µL of DNA extract | copies/µL of reaction | ng/reaction | ng/µL of DNA extract | ng/µL of reaction | other,,,,,,,,,new,,
amplificationData,Targeted taxon detection,quantificationCycle,"The number of cycles required for the fluorescent signal to cross a given value threshold above the baseline. Quantification cycle (Cq), threshold cycle (Ct), crossing point (Cp), and take-off point (TOP) refer to the same value from the real-time instrument. Use of quantification cycle (Cq), is preferable according to the RDML (Real-Time PCR Data Markup Language) data standard (http://www.rdml.org).",M,Mandatory,If detection_type = targeted taxon detection & amp_vis_method = qPCR,numeric,cycle,,,37.9450950622558,,,,,,,,gbifDNAext | MIQE,https://rs.gbif.org/extension/gbif/1.0/dna_derived_data_2022-02-23.xml,
amplificationData,Targeted taxon detection,rfu,Relative Fluorescence Units (RFU),O,Optional,,numeric,No unit,,,7862.41,,,,,,,,new,,
amplificationData,Targeted taxon detection,efficiency,qPCR amplification efficiency calculated from slope,O,Optional,,numeric,%,,,95.0,,,,,,,,MIQE,,
amplificationData,Targeted taxon detection,r2,R-squared value of a qPCR standard curve. This shall be specific to each pcr_plate_id.,R,Recommended,,numeric,,,,0.9867,,,,,,,,MIQE,,
amplificationData,Targeted taxon detection,slope,Slope of a qPCR standard curve. This shall be specific to each pcr_plate_id.,R,Recommended,,numeric,,,,-3.26,,,,,,,,MIQE,,
amplificationData,Targeted taxon detection,intercept,Intercept of a qPCR standard curve. This shall be specific to each pcr_plate_id.,R,Recommended,,numeric,,,,39.37,,,,,,,,MIQE,,
studyMetadata,Targeted taxon detection,estimatedNumberOfCopies_method,Method to output estimatedNumberOfCopies,R,Recommended,,controlled vocabulary,,,Ct/Cq with standard curve | Ct/Cq with standard bionomial data | direct output from the PCR instrument used | gel fluorescence intensities | other,Ct/Cq with standard curve | Ct/Cq with standard bionomial data,,,,,,,,MIQE,,
amplificationData,Targeted taxon detection,estimatedNumberOfCopies,Estimated concentration of target molecules. Describe the approach taken to estimate it under the term estaimtedNumberOfCopies_method.,M,Mandatory,If detection_type = targeted taxon detection & pcr_0_1 = 1,numeric,,,,,,,,,,,,gbifDNAext | MIQE,https://rs.gbif.org/extension/gbif/1.0/dna_derived_data_2022-02-23.xml,description
amplificationData,Targeted taxon detection,estimatedNumberOfCopies_unit,Unit for estimatedNumberOfCopies,M,Mandatory,If detection_type = targeted taxon detection & pcr_0_1 = 1,controlled vocabulary,,,copies/reaction | copies/µL of DNA extract | copies/µL of reaction | ng/reaction | ng/µL of DNA extract | ng/µL of reaction | other,,,,,,,,,new,,
amplificationData,Targeted taxon detection,detected_notDetected,"The targeted taxon was detected (1) or not detecte (0), based on the detection criteria",M,Mandatory,"If detection_type = targeted taxon detection & pcr_0_1 = 1, for biological replicate",Boolean,,,0 | 1,1.0,,,,,,,,new,,
studyMetadata,Library preparation sequencing,barcoding_pcr_appr,PCR approach for metabarcoding,R,Recommended,,controlled vocabulary,,,one-step PCR | two-step PCR | ligation-based | other,two-step PCR,,,,,,,,Klymus et al 2024,,
sampleMetadata,Library preparation sequencing,library_id,"A brief, concise identifier for sequencing library with no spaces or special characters, ensuring machine readability. This ID will be used in file names as 'library_id'.",M,Mandatory,,free text,,,,lib20230922,,,,,,,,new,,
studyMetadata,Library preparation sequencing,platform,General sequencing platform used.,R,Recommended,,controlled vocabulary,,,ILLUMINA | BGISEQ | CAPILLARY | DNBSEQ | ELEMENT | GENAPSYS | GENEMIND | HELICOS | ION_TORRENT | LS454 | OXFORD_NANOPORE | PACBIO_SMRT | TAPESTRI | VELA_DIAGNOSTICS | ULTIMA | other,ILLUMINA,,,,,,,,INSDC,,
studyMetadata,Library preparation sequencing,instrument,Sequencing instrument (manufacturer and model) used. Where possible the term should be taken from the OBI list of DNA sequencers (https://ontobee.org/ontology/OBI?iri=http://purl.obolibrary.org/obo/OBI_0002750),R,Recommended,,fixed format,,,,Illumina HiSeq 1500 [OBI_0003386],,,,,,,,INSDC,,
studyMetadata,Library preparation sequencing,seq_kit,The name of sequencing kit,R,Recommended,,free text,,,,NextSeq 500/550 v2.5,,,,,,,,new,,Newly added
studyMetadata,Library preparation sequencing,lib_layout,"Specify whether to expect single, paired, or other configuration of reads",R,Recommended,,controlled vocabulary,,,paired end | single end | other,paired end,,,,,,,,mixs | gbifDNAext,https://w3id.org/mixs/0000041,field_type
studyMetadata,Library preparation sequencing,sequencing_location,The location the sequencing run was performed. Indicate the name of the lab or core facility where samples were sequenced,O,Optional,,free text,,,,University of Maryland Genomics Resource Center,,,,,,,,mixs,https://w3id.org/mixs/0001156,
studyMetadata,Library preparation sequencing,adapter_forward,Forward sequencing adapter. The sequence should be reported in uppercase letters,R,Recommended,,free text,,,,AATGATACGGCGACCACCGAGATCTACACGCT,,,,,,,,mixs | gbifDNAext,https://w3id.org/mixs/0000048,Forward and reverse separated
studyMetadata,Library preparation sequencing,adapter_reverse,Reverse sequencing adapter. The sequence should be reported in uppercase letters,R,Recommended,,free text,,,,CAAGCAGAAGACGGCATACGAGAT,,,,,,,,new,,Forward and reverse separated
studyMetadata,Library preparation sequencing,lib_screen,Specific enrichment or screening methods applied before and/or after creating libraries,O,Optional,,free text,,,,"The library was size selected using a Pippin-Prep (Sage Science, Beverly, USA), purified using the Qiaquick PCR Purification Kit (Qiagen), quantified using a Qubit (Invitrogen) and diluted to 2 nM before loading it onto a MiSeq Flow Cell",,,,,,,,mixs | gbifDNAext,https://w3id.org/mixs/0000043,
sampleMetadata,Library preparation sequencing,mid_forward,"Forward multiplex Identifiers (MIDs), that was used to specifically tag unique samples in a sequencing run. Sequence should be reported in uppercase letters",O,Optional,,free text,,,,GTGAATAT,,,,,,,,mixs | gbifDNAext,https://w3id.org/mixs/0000047,Forward and reverse separated
sampleMetadata,Library preparation sequencing,mid_reverse,"Reverse multiplex Identifiers (MIDs), that was used to specifically tag unique samples in a sequencing run. Sequence should be reported in uppercase letters",O,Optional,,free text,,,,AACAAGCC,,,,,,,,new,,Forward and reverse separated
sampleMetadata,Library preparation sequencing,filename,"A file name of raw sequencing data. If paired end, fill filename2 for the reverse read",R,Recommended,,free text,,,,S1_R1.fastq,,,,,,,,,,
sampleMetadata,Library preparation sequencing,filename2,A raw sequencing data file name of reverse reads if lib_layout = paired end,R,Recommended,,free text,,,,S1_R2.fastq,,,,,,,,,,
studyMetadata,Library preparation sequencing,seq_method_additional,"Additional information on library preparation and sequencing method, that has not been shared in the given record.",O,Optional,,free text,,,,PhiX was spiked in at 15%,,,,,,,,new,,Newly added
studyMetadata,Bioinformatics,sop_bioinformatics,"Standard operating procedures, references, link to scripts, that were used in quality filtering, assembly and/or annotation of genomes, metagenomes or environmental sequences",R,Recommended,,free text,,,,https://github.com/mahsa-mousavi/eDNAFlow,,,,,,,,mixs | gbifDNAext,https://w3id.org/mixs/0000090,field_name | description
studyMetadata,Bioinformatics,trim_method,"Method for trimming primer and/or adapter sequences, including version and parameters",O,Optional,,free text,,,,cutadapt v4.9,,,,,,,,NOAA,,field_name
studyMetadata,Bioinformatics,trim_param,Parameters and cutoffs used to trim if not default,O,Optional,,free text,,,,ADAPTER;min_overlap=5,,,,,,,,new,,
studyMetadata,Bioinformatics,demux_tool,Software and the version used to demultiplex sequence reads,O,Optional,,free text,,,,DADA2 1.26,,,,,,,,new,,Newly added
studyMetadata,Bioinformatics,demux_max_mismatch,Maximum mismatch allowed at the index bases for demultiplexing,O,Optional,,integer,base pair,,,0.0,,,,,,,,new,,Newly added
studyMetadata,Bioinformatics,merge_tool,Software and the version to merge paired end reads,O,Optional,,free text,,,,AdapterRemoval 2.3.3,,,,,,,,new,,Newly added
studyMetadata,Bioinformatics,merge_min_overlap,Minimum overlaps required to merge paired end reads,O,Optional,,integer,base pair,,,12.0,,,,,,,,new,,Newly added
studyMetadata,Bioinformatics,min_len_cutoff,Minimum length threshold,O,Optional,,integer,base pair,,,120.0,,,,,,,,new,,Newly added
studyMetadata,Bioinformatics,min_len_tool,Software and the version to remove reads shorter than minimum length threshold,O,Optional,,free text,,,,OBITools3,,,,,,,,new,,Newly added
studyMetadata,Bioinformatics,error_rate_tool,Software to remove reads above error rate threshold,O,Optional,,free text,,,,FASTQC v0.12.1,,,,,,,,new,,Newly added
studyMetadata,Bioinformatics,error_rate_type,A type/unit of error rate for the error rate threshold,O,Optional,,controlled vocabulary,,,Phred score | expected error rate | other,Phred score,,,,,,,,new,,Newly added
studyMetadata,Bioinformatics,error_rate_cutoff,error rate threshold,O,Optional,,numeric,,,,25.0,,,,,,,,new,,Newly added
studyMetadata,Bioinformatics,chimera_check_method,"Description of chimera check approaches (i.e. denovo, reference-based), including software and the version used",O,Optional,,free text,,,,"denovo, uchime v4.1",,,,,,,,mixs | gbifDNAext,https://w3id.org/mixs/0000052,description
studyMetadata,Bioinformatics,chimera_check_param,Parameters used to filter chimera sequences if note default,O,Optional,,free text,,,,β parameter >=1,,,,,,,,new,,Newly added
studyMetadata,Bioinformatics,otu_clust_tool,Software and the version used for OTU/ASV clustering,O,Optional,,free text,,,,q2-dada2 2019.1.0,,,,,,,,new,,Newly added
studyMetadata,Bioinformatics,otu_clust_cutoff,"The percentage similarity threshold used for OTU/ASV clustering. For ASV clustering, the cutoff is typically 100% similarity.",O,Optional,,numeric,%,,,97.0,,,,,,,,mixs | gbifDNAext,https://w3id.org/mixs/0000085,field_name | description
studyMetadata,Bioinformatics,min_reads_cutoff,"minimum read counts thresholds. e.g., 10 reads, 5% relative read abundance, noise (e.g., (relative) read counts) detected in blanks. Answer either numeric value with the unit specified under the terms min_reads_cutoff_unit, ""noise detecte in blanks"", or ""other:FREE TEXT DESCRIPTION"".",O,Optional,,numeric or controlled vocabulary,select from min_reeds_cutoff_unit,,numeric value | noise detected in blanks | other,5.0,,,,,,,,new,,Newly added
studyMetadata,Bioinformatics,min_reads_cutoff_unit,"Unit of the min_reads_cutoff. i.e. reads, % relative read abundance",O,Optional,,controlled vocabulary,,,reads | % | other,%,,,,,,,,new,,Newly added
studyMetadata,Bioinformatics,min_reads_tool,Software and the version to remove reads below minimum read threshold,O,Optional,,free text,,,,DADA2 1.26,,,,,,,,new,,Newly added
studyMetadata,Bioinformatics,otu_db,"List of reference database(s) (i.e. sequences not generated as part of the current study) along with version number, that were used to assign taxonomy to OTUs or ASVs. If custome database was used, enter 'custom' here, and provide the information of the database under the term otu_db_custom",R,Recommended,,free text,,,,NCBI GenBank Release 260.0 | custom,,,,,,,,mixs | gbifDNAext,https://w3id.org/mixs/0000087,description
studyMetadata,Bioinformatics,otu_db_custom,"Description of custom reference database(s) (i.e. coverage of taxa, region) if applied to assign taxonomy to OTUs or ASVs",O,Optional,,free text,,,,"Unpublished custom database, containing COI sequences of 209 fish species collected from Western Australia (study area)",,,,,,,,new,,Newly added
studyMetadata,Bioinformatics,tax_assign_cat,"High level cetegory of taxonomic assignment approach. A sequence similarity approach include BLAST, MEGAN, custom R function to group sequences with 100% identify. A sequence composition approach includes naive bayes classifier, Remote Desktop Protocol (RDP) classification, Tourmaline, QIMME feature-classifier. Examples of phylogeny and probabilistic approaches are SEPP and PROTAX, respectively.",O,Optional,,controlled vocabulary,,,sequence similarity | sequence composition | phylogeny | probabilistic | other,sequence similarity,,,,,,,,new,,Newly added
studyMetadata,Bioinformatics,otu_seq_comp_appr,Alignment tool/software used for taxonomic assignment,O,Optional,,free text,,,,blastn;2.6.0+,,,,,,,,mixs | gbifDNAext,https://w3id.org/mixs/0000086,description
studyMetadata,Bioinformatics,tax_class_id_cutoff,Minimum percent identity for taxonomic assignment,O,Optional,,numeric,%,,,90.0,,,,,,,,new,,Newly added
studyMetadata,Bioinformatics,tax_class_query_cutoff,Minimum percent query coverage for taxonomic assignment,O,Optional,,numeric,%,,,98.0,,,,,,,,new,,Newly added
studyMetadata,Bioinformatics,tax_class_collapse,How was the taxa collapsed to higher taxonomic levels? i.e. lowest common ancestor,O,Optional,,free text,,,,"Taxonomic levels were dropped to the lowest common ancestor (LCA) with the similarity thresholds of 99%, and also based on % identify thresholds (>98% species, 95-98% genus, 90-95% family).",,,,,,,,new,,Newly added
studyMetadata,Bioinformatics,tax_class_other,"Additional information on parameters and cutoffs used for taxonomic assignment, that have not been shared in the given record.",O,Optional,,free text,,,,NEED AN EXAMPLE HERE,,,,,,,,mixs | gbifDNAext,https://w3id.org/mixs/0000064,description
studyMetadata,Bioinformatics,screen_contam_method,How were contaminations screened and applied in data curation/analyses/interpretation?,R,Recommended,if screen_contam_0_1 is 1,free text,,,,"Taxa detected in negative controls were checked, and the read counts were applied as a cutoff to call presence.",,,,,,,,new,,Newly added
studyMetadata,Bioinformatics,screen_geograph_method,How were species distribution information screened and applied?,O,Optional,if screen_geograph_0_1 is 1,free text,,,,"Distribution information was checked using FishBase, and species that did not reside in the study area were removed.",,,,,,,,new,,Newly added
studyMetadata,Bioinformatics,screen_nontarget_method,How were non-target species screened and applied?,O,Optional,if screen_nontarget_0_1 is 1,free text,,,,"Non-targeted species (i.e. domestic animals, humans and non-marine species) were removed from the curated OTU table and downstream data analyses. OTUs that were assigned to species in WoRMS were kept in the curated OTU table.",,,,,,,,new,,Newly added
studyMetadata,Bioinformatics,screen_other,Description of other screening criteria and approaches,O,Optional,,free text,,,,NEED AN EXAMPLE HERE,,,,,,,,new,,Newly added
studyMetadata,Bioinformatics,bioinfo_method_additional,"Additional information on bioinformatics, that has not been shared in the given record.",O,Optional,,free text,,,,"The min_reads_cutoff was 1 read, but singletons were kept if the same sequence was detected in multiple samples. Data was curated using r-package LULU, minimum_mismatch cutoff 90%",,,,,,,,new,,Newly added
sampleMetadata,Bioinformatics,input_read_count,The total number of raw sequence reads for each sample,R,Recommended,,integer,reads,,,20485.0,,,,,,,,nmdc,https://w3id.org/nmdc/input_read_count,description
sampleMetadata,Bioinformatics,output_read_count,"The number of filtered sequence reads for each sample, that made it through bioinforamtic filtering and used for final/subsequent analyses",R,Recommended,,integer,reads,,,16847.0,,,,,,,,nmdc,https://w3id.org/nmdc/output_read_count,description
sampleMetadata,Bioinformatics,output_otu_num,Total numbe of OTUs or ASVs for each sample,R,Recommended,,integer,,,,86.0,,,,,,,,new,,
sampleMetadata,Bioinformatics,otu_num_tax_assgined,Total number of OTUs or ASVs assgined to taxa based on the study-specific thresholds for each sample,R,Recommended,,integer,,,,49.0,,,,,,,,new,,
dnaSeqData,OTU/ASV,seq_id,Query sequence ID. Must be unique within the dataset,M,Mandatory,,free text,,,,ASV1,,,,,,,,new,,Newly added
dnaSeqData,OTU/ASV,dna_sequence,The DNA sequence,M,Mandatory,,free text,,,,GGTGTTTAAATTTCGGTCTGTAAGAAGTATTGTAATCCCAGCCGCTAGGACTGGAAGGGAAAGAAGGAGAAGGACAGCTGTAATTAGCACGGCTCAGACAAACAAGGGTGTCTGGTATTGGGAAATAGCTGGGGGTTTCATGTTAATAATTGTGGTAATAAAATTGATAGCACCAAGGATTGAAGAGACCCCGGCTAGGTGGAGAGAA,,,,,,,,gbifDNAext,https://rs.gbif.org/extension/gbif/1.0/dna_derived_data_2022-02-23.xml,
dnaSeqData,OTU/ASV,kingdom,The full scientific name of the kingdom,O,Optional,,free text,,,,Animalia,,,,,,,,dwc,http://rs.tdwg.org/dwc/terms/kingdom,description
dnaSeqData,OTU/ASV,phylum,The full scientific name of the phylum or division,O,Optional,,free text,,,,Chordata,,,,,,,,dwc,http://rs.tdwg.org/dwc/terms/phylum,description
dnaSeqData,OTU/ASV,class,The full scientific name of the class,O,Optional,,free text,,,,Actinopterygii,,,,,,,,dwc,http://rs.tdwg.org/dwc/terms/class,description
dnaSeqData,OTU/ASV,order,The full scientific name of the order,O,Optional,,free text,,,,Perciformes,,,,,,,,dwc,http://rs.tdwg.org/dwc/terms/order,description
dnaSeqData,OTU/ASV,family,The full scientific name of the family,O,Optional,,free text,,,,Lutjanidae,,,,,,,,dwc,http://rs.tdwg.org/dwc/terms/family,description
dnaSeqData,OTU/ASV,genus,The full scientific name of the genus,O,Optional,,free text,,,,Lutjanus,,,,,,,,dwc,http://rs.tdwg.org/dwc/terms/genus,description
dnaSeqData,OTU/ASV,specificEpithet,The name of the first or species epithet of the scientificName.,O,Optional,,free text,,,,erythropterus,,,,,,,,dwc,http://rs.tdwg.org/dwc/terms/specificEpithet,description
dnaSeqData,OTU/ASV,scientificName,The full scientific name of the genus and species,R,Recommended,,free text,,,,Lutjanus erythropterus,,,,,,,,dwc,http://rs.tdwg.org/dwc/terms/scientificName,description
dnaSeqData,OTU/ASV,scientificNameAuthorship,The authorship information for the scientificName,R,Recommended,,free text,,,,"Bloch, 1790",,,,,,,,dwc,http://rs.tdwg.org/dwc/terms/scientificNameAuthorship,description
dnaSeqData,OTU/ASV,taxonRank,The taxonomic rank of the most specific name in the scientificName,R,Recommended,,controlled vocabulary,,,kingdom | phylum | class | order | family | genus | species | other,genus,,,,,,,,dwc,http://rs.tdwg.org/dwc/terms/taxonRank,
dnaSeqData,OTU/ASV,taxonID,An identifier for the assigned taxon (or taxa in the case of mutliple hits). May be a global unique identifier or an identifier specific to the data set.,R,Recommended,,free text,,,,218797.0,,,,,,,,dwc,http://rs.tdwg.org/dwc/terms/taxonID,description
dnaSeqData,OTU/ASV,taxonID_db,The taxonomy database correspoingind to taxonID.,R,Recommended,,free text,,,,NCBI,,,,,,,,new,,
dnaSeqData,OTU/ASV,verbatimIdentification,A string representing the taxonomic identification as it appeared in the original record (i.e. the database used such as NCBI),O,Optional,,free text,,,,Eukaryota; Metazoa; Chordata; Actinopterygii; Perciformes; Lutjanidae; Lutjanus; Lutjanus_erythropterus,,,,,,,,dwc,http://rs.tdwg.org/dwc/terms/verbatimIdentification,description
dnaSeqData,OTU/ASV,accession_id,Accession ID of the best matching sequence from a reference database,R,Recommended,,free text,,,,MG002616.1,,,,,,,,new,,
dnaSeqData,OTU/ASV,accession_id_ref_db,Reference database (i.e. sequences not generated as part of the current study) of the best matching sequence (accesssion_id),R,Recommended,,free text,,,,NCBI,,,,,,,,mixs | gbifDNAext,https://w3id.org/mixs/0000087,field_name | description
dnaSeqData,OTU/ASV,percent_match,The percentage of sequence identity between a query sequence obtained from eDNA and a reference sequence in a database.,R,Recommended,,numeric,%,,,99.8,,,,,,,,new,,Newly added
dnaSeqData,OTU/ASV,percent_query_cover,The percentage coverage of the query sequence that aligns with a reference sequence in a database.,R,Recommended,,numeric,%,,,100.0,,,,,,,,new,,Newly added
dnaSeqData,OTU/ASV,confidence_score,"Confidence score for the taxonomic assignment, such as from bootstrapping",R,Recommended,,numeric,,,,0.997,,,,,,,,new,,
sampleMetadata,Environment,samp_weather,The weather on the sampling day,O,Optional,,free text,,,,foggy,1,1,1,1,1,1,1,mixs,https://w3id.org/mixs/0000827,
sampleMetadata,Environment,minimumDepthInMeters,"The lesser depth of a range of depth (vertical distance below the local surface) at which a sample was collected. For sediment or soil samples depth is measured from sediment or soil surface, respectively. If there is only one single point of depth (no range), the values in minimumDepthInMeters and maximumDepthInMeters are the same.",R,Recommended,,numeric,meter,,,0.2,1,1,1,0,1,1,1,dwc,http://rs.tdwg.org/dwc/terms/minimumDepthInMeters,description
sampleMetadata,Environment,maximumDepthInMeters,"The greater depth of a range of depth (vertical distance below the local surface) at which a sample was collected. For sediment or soil samples depth is measured from sediment or soil surface, respectively. If there is only one single point of depth (no range), the values in minimumDepthInMeters and maximumDepthInMeters are the same.",R,Recommended,,numeric,meter,,,0.2,1,1,1,0,1,1,1,dwc,http://rs.tdwg.org/dwc/terms/maximumDepthInMeters,description
sampleMetadata,Environment,tot_depth_water_col,"Measurement of total depth of water column. For example, if a sea surface water sample was collected at a sampling site where the water depth was 15m, enter 15 here and 0 under the terms minimumDepthInMeters and maximumDepthInMeters.",R,Recommended,,numeric,meter,,,15.0,1,0,1,0,1,1,1,mixs,https://w3id.org/mixs/0000634,description
sampleMetadata,Environment,elev,"Elevation of the sampling site is its height above a fixed reference point, most commonly the mean sea level. Elevation is mainly used when referring to points on the earth's surface, while altitude is used for points above the surface, such as an aircraft in flight or a spacecraft in orbit. i.e. 0m for seawater sample",O,Optional,,numeric,meter,,,100.0,1,1,1,1,1,1,1,mixs,https://w3id.org/mixs/0000093,description
sampleMetadata,Environment,alt,"Heights of objects such as airplanes, space shuttles, rockets, atmospheric balloons and heights of places such as atmospheric layers and clouds. It is used to measure the height of an object which is above the earth's surface. In this context, the altitude measurement is the vertical distance between the earth's surface above sea level and the sampled position in the air",O,Optional,,numeric,meter,,,100.0,0,0,0,1,1,0,0,mixs,https://w3id.org/mixs/0000094,
sampleMetadata,Environment,temp,Temperature of the sample at the time of sampling,O,Optional,,numeric,degree Celsius,,,25.0,1,1,1,1,1,1,1,mixs,https://w3id.org/mixs/0000113,
sampleMetadata,Environment,chlorophyll,Concentration of chlorophyll,O,Optional,,numeric,mg/m3,,,5.0,1,1,1,0,0,1,0,mixs,https://w3id.org/mixs/0000177,
sampleMetadata,Environment,light_intensity,Measurement of light intensity,O,Optional,,numeric,lux,,,0.3,1,1,1,1,0,1,1,mixs,https://w3id.org/mixs/0000706,
sampleMetadata,Environment,misc_param,"Any other measurement performed or parameter collected, that is not listed here. Expected_value: parameter name;measurement value",O,Optional,,numeric,,,,Bicarbonate ion concentration;2075 micromole per kilogram,1,1,1,1,1,1,1,mixs,https://w3id.org/mixs/0000752,description
sampleMetadata,Environment,ph,"Ph measurement of the sample, or liquid portion of sample, or aqueous phase of the fluid",O,Optional,,numeric,no unit,,,7.2,1,1,1,0,0,1,0,mixs,https://w3id.org/mixs/0001001,
sampleMetadata,Environment,ph_meth,Reference or method used in determining pH,O,Optional,,free text,,,,https://www.epa.gov/sites/default/files/2015-12/documents/9040c.pdf,1,1,1,0,0,1,0,mixs,https://w3id.org/mixs/0001106,
sampleMetadata,Environment,salinity,"The total concentration of all dissolved salts in a liquid or solid sample. While salinity can be measured by a complete chemical analysis, this method is difficult and time consuming. More often, it is instead derived from the conductivity measurement. This is known as practical salinity. These derivations compare the specific conductance of the sample to a salinity standard such as seawater",O,Optional,,numeric,partical salinity unit (psu),,,25.0,1,0,1,0,1,1,1,mixs,https://w3id.org/mixs/0000183,
sampleMetadata,Environment,suspend_part_matter,Concentration of suspended particulate matter,O,Optional,,numeric,mg/L,,,0.5,1,0,0,0,0,0,0,mixs,https://w3id.org/mixs/0000741,
sampleMetadata,Environment,tidal_stage,Stage of tide,O,Optional,,free text,,,,high tide,1,0,1,0,0,0,0,mixs,https://w3id.org/mixs/0000750,
sampleMetadata,Environment,turbidity,Measure of the amount of cloudiness or haziness in water caused by individual particles,O,Optional,,numeric,nephelometric turbidity unit (ntu),,,0.3,1,0,1,0,0,1,0,mixs,https://w3id.org/mixs/0000191,
sampleMetadata,Environment,water_current,Measurement of magnitude and direction of flow within a fluid,O,Optional,,numeric,m/s,,,10.0,1,0,1,0,0,0,0,mixs,https://w3id.org/mixs/0000203,
sampleMetadata,Environment,humidity,"Amount of water vapour in the air, at the time of sampling relative to the maximum amount of water vapor the air can hold at a given temperature and pressure. Also known as relative humidity.",O,Optional,,numeric,%,,,61.0,0,0,0,1,0,0,0,mixs,https://w3id.org/mixs/0000100,description
sampleMetadata,Environment,solar_irradiance,"Description and/or the amount of solar energy that arrives at a specific area of a surface at the time of sampling. i.e. fully exposed, partially shaded,cloud cover 20%, 1.36kW/m2/day",O,Optional,,free text,,,,1.36 kw/m2/day,1,1,1,1,0,0,0,mixs,https://w3id.org/mixs/0000112,description
sampleMetadata,Environment,wind_direction,Wind direction (the direction from which a wind originates) at the time of sampling,O,Optional,,free text,,,,NW,1,1,1,1,0,0,0,mixs,https://w3id.org/mixs/0000757,description
sampleMetadata,Environment,wind_speed,Speed of wind measured at the time of sampling,O,Optional,,numeric,m/s,,,5.14,1,1,1,1,0,0,0,mixs,https://w3id.org/mixs/0000118,
sampleMetadata,Environment,host_species,The scientific name of host species. i.e. predator species where a gut content sample was dissected from,O,Optional,,free text,,,,Lutjanus erythropterus,0,0,0,0,1,0,1,mixs,https://w3id.org/mixs/0000248,field_name | description
sampleMetadata,Environment,host_life_stage,Description of life stage of host. Select from UBERON's life cycle class (http://purl.obolibrary.org/obo/UBERON_0000104),O,Optional,,fixed format,,termLabel [termID],http://purl.obolibrary.org/obo/UBERON_0000104,juvenile stage [UBERON_0034919],0,0,0,0,1,0,1,mixs,https://w3id.org/mixs/0000251,description | field_type
sampleMetadata,Environment,host_tot_mass,"Total mass of the host at collection, the unit depends on host.",O,Optional,,numeric,,,,58.0,0,0,0,0,1,0,1,mixs,https://w3id.org/mixs/0000263,
sampleMetadata,Environment,host_tot_mass_unit,The unit of host_tot_mass,O,Optional,,controlled vocabulary,,,mg | g | kg | other,g,0,0,0,0,1,0,1,new,,Newly added
sampleMetadata,Environment,host_height,The height of subject,O,Optional,,numeric,,,,135.0,0,0,0,0,1,0,1,mixs,https://w3id.org/mixs/0000264,
sampleMetadata,Environment,host_height_unit,The unit of host_height,O,Optional,,controlled vocabulary,,,mm | cm | m | other,cm,0,0,0,0,1,0,1,new,,Newly added
sampleMetadata,Environment,host_length,The length of subject,O,Optional,,numeric,,,,54.0,0,0,0,0,1,0,1,mixs,https://w3id.org/mixs/0000256,
sampleMetadata,Environment,host_length_unit,The unit of host_length_unit,O,Optional,,controlled vocabulary,,,mm | cm | m | other,mm,0,0,0,0,1,0,1,new,,Newly added
sampleMetadata,Environment,diss_inorg_carb,"Dissolved inorganic carbon concentration in the sample, typically measured after filtering the sample using a 0.45 micrometre filter",O,Optional,,numeric,,,,,1,1,1,1,0,1,0,mixs,https://w3id.org/mixs/0000434,
sampleMetadata,Environment,diss_inorg_nitro,Concentration of dissolved inorganic nitrogen,O,Optional,,numeric,,,,,1,1,1,1,0,1,0,mixs,https://w3id.org/mixs/0000698,
sampleMetadata,Environment,diss_org_carb,"Concentration of dissolved organic carbon in the sample, liquid portion of the sample, or aqueous phase of the fluid",O,Optional,,numeric,,,,,1,1,1,1,0,1,0,mixs,https://w3id.org/mixs/0000433,
sampleMetadata,Environment,diss_org_nitro,Dissolved organic nitrogen concentration measured as; total dissolved nitrogen - NH4 - NO3 - NO2,O,Optional,,numeric,,,,,1,1,1,1,0,1,0,mixs,https://w3id.org/mixs/0000162,
sampleMetadata,Environment,diss_oxygen,Concentration of dissolved oxygen,O,Optional,,numeric,,,,,1,1,1,1,0,1,0,mixs,https://w3id.org/mixs/0000119,
sampleMetadata,Environment,tot_diss_nitro,"Total dissolved nitrogen concentration, reported as nitrogen, measured by: total dissolved nitrogen = NH4 + NO3NO2 + dissolved organic nitrogen",O,Optional,,numeric,,,,,1,1,1,1,0,1,0,mixs,https://w3id.org/mixs/0000744,
sampleMetadata,Environment,tot_inorg_nitro,Total inorganic nitrogen content,O,Optional,,numeric,,,,,1,1,1,1,0,1,0,mixs,https://w3id.org/mixs/0000745,
sampleMetadata,Environment,tot_nitro,"Total nitrogen concentration of water samples, calculated by: total nitrogen = total dissolved nitrogen + particulate nitrogen. Can also be measured without filtering, reported as nitrogen",O,Optional,,numeric,,,,,1,1,1,1,0,1,0,mixs,https://w3id.org/mixs/0000102,
sampleMetadata,Environment,tot_part_carb,Total particulate carbon content,O,Optional,,numeric,,,,,1,1,1,1,0,1,0,mixs,https://w3id.org/mixs/0000747,
sampleMetadata,Environment,tot_org_carb,Total organic carbon content,O,Optional,,numeric,,,,,1,1,1,1,0,1,0,mixs,https://w3id.org/mixs/0000533,
sampleMetadata,Environment,tot_org_c_meth,Reference or method used in determining total organic carbon,O,Optional,,numeric,,,,,1,1,1,1,0,1,0,mixs,https://w3id.org/mixs/0000337,
sampleMetadata,Environment,tot_nitro_content,Total nitrogen content of the sample,O,Optional,,numeric,,,,,1,1,1,1,0,1,0,mixs,https://w3id.org/mixs/0000530,
sampleMetadata,Environment,tot_nitro_cont_meth,Reference or method used in determining the total nitrogen,O,Optional,,numeric,,,,,1,1,1,1,0,1,0,mixs,https://w3id.org/mixs/0000338,
sampleMetadata,Environment,tot_carb,Total carbon content,O,Optional,,numeric,,,,,1,1,1,1,0,1,0,mixs,https://w3id.org/mixs/0000525,
sampleMetadata,Environment,part_org_carb,Concentration of particulate organic carbon,O,Optional,,numeric,,,,,1,1,1,1,0,1,0,mixs,https://w3id.org/mixs/0000515,
sampleMetadata,Environment,part_org_nitro,Concentration of particulate organic nitrogen,O,Optional,,numeric,,,,,1,1,1,1,0,1,0,mixs,https://w3id.org/mixs/0000719,
sampleMetadata,Environment,nitrate,Concentration of nitrate in the sample,O,Optional,,numeric,,,,,1,1,1,1,0,1,0,mixs,https://w3id.org/mixs/0000425,
sampleMetadata,Environment,nitrite,Concentration of nitrite in the sample,O,Optional,,numeric,,,,,1,1,1,1,0,1,0,mixs,https://w3id.org/mixs/0000426,
sampleMetadata,Environment,nitro,Concentration of nitrogen (total),O,Optional,,numeric,,,,,1,1,1,1,0,1,0,mixs,https://w3id.org/mixs/0000504,
sampleMetadata,Environment,org_carb,Concentration of organic carbon,O,Optional,,numeric,,,,,1,1,1,1,0,1,0,mixs,https://w3id.org/mixs/0000508,
sampleMetadata,Environment,org_matter,Concentration of organic matter,O,Optional,,numeric,,,,,1,1,1,1,0,1,0,mixs,https://w3id.org/mixs/0000204,
sampleMetadata,Environment,org_nitro,Concentration of organic nitrogen,O,Optional,,numeric,,,,,1,1,1,1,0,1,0,mixs,https://w3id.org/mixs/0000205,
