requirement_level_code	field_type	controlled_vocabulary_options	section	example	field_name	project_level	ssu16sv4v5	ssu18sv9
M	free text		Project	José E. Crespo	recordedBy	Luke Thompson		
R	free text		Project	https://orcid.org/0000-0002-1825-0097  |  https://orcid.org/0000-0002-1825-0098	recordedByID	https://orcid.org/0000-0002-3911-1280		
M	free text		Project	John Doe	project_contact	Luke Thompson		
R	free text		Project	Curtin University	institution	NOAA/AOML		
R	free text		Project	http://grscicoll.org/institution/museum-southwestern-biology	institutionID	https://www.aoml.noaa.gov/omics		
R	free text		Project	Forest soil metagenome	project_name	eDNA from Gulf of Mexico Ecosystems and Carbon Cruise 2021 (GOMECC-4)		
M	free text		Project	noaa-aoml-gomecc4	project_id	noaa-aoml-gomecc4		
O	free text		Project	benthic habitat types | diurnal time series | filter types	study_factor	water column spatial series		
M	controlled vocabulary	targeted taxon detection | multi taxon detection | other	Project	multi taxon detection	detection_type	multi taxon detection		
R	free text		Data management	http://creativecommons.org/licenses/by/4.0/legalcode	license	http://creativecommons.org/publicdomain/zero/1.0/legalcode		
R	free text		Data management	The Regents of the University of California	rightsHolder	US Government		
R	free text		Data management	not-for-profit use only 	accessRights	no rights reserved		
O	free text		Data management	location information not given for endangered species	informationWithheld	no information withheld		
O	free text		Data management	Coordinates generalized from original GPS coordinates to the nearest half degree grid cell.	dataGeneralizations	no data generalizations		
R	DOI		Data management	DOI: 10.1111/mec.15382	bibliographicCitation	https://doi.org/10.1101/2024.07.30.605667		
O	free text		Data management	http://www.earthmicrobiome.org/	associated_resource	http://www.earthmicrobiome.org/		
R	fixed format		Data management	9/9/2014	mod_date	10/31/2024		
M	numeric		Data management	1.1	checkls_ver	eDNA_data_checklist_v7_20241004.xlsx		
R	free text		Data management	PRJNA998750	seq_archive	PRJNA887898		
R	free text		Data management	https://github.com/aomlomics/gomecc	code_repo	https://github.com/aomlomics/gomecc		
M	controlled vocabulary	site negative | field negative | process negative | extraction negative | PCR negative | other	Quality assurance	field negative | process negative | extraction negative | PCR negative	neg_cont_type	12 distilled water blanks | 2 PCR no-template controls | 7 extraction blanks | 12 2nd PCR no-template controls		
M	free text		Quality assurance	PCR positive of synthetic DNA	pos_cont_type		ZymoBIOMICS Microbial Community DNA Standard	none
R	free text		Quality assurance	Sampling bottles were rinsed with 10% bleached and DI water. Single-use syringes and capsule filters were used for filtration. Single-use gloves were used to collect and filter each sample.	sterilise_method	"After sampling, run ~1 L of 5% bleach through tubing lines, then repeat with ~1 L of deionized water. Rinse the 20-L collection carboy 3 times with ~0.5 L DI water (1.5 L total) after sampling. Before the next sample, rinse 20-L carboy 2 times with ~100 mL of sample water (200 mL total)."		
M	Boolean	0 | 1	PCR	1	pcr_0_1	1		
O	free text		PCR	"Thermo Fisher Scientific, QuantStudio 6"	thermocycler	Eppendorf Mastercycler Nexus Thermal Cycler		
O	numeric		PCR	22	amplificationReactionVolume	13		
M	free text		PCR	MiFish	assay_name		ssu16sv4v5	ssu18sv9
R	free text		PCR		assay_validation	not provided		
M	free text		PCR	verteberate	targetTaxonomicAssay		16S rRNA gene sequencing targeting the V4-V5 region using primers 515F and 926R	18S rRNA gene sequencing targeting the V9 region using primers 1391f and EukBr”
R	free text		PCR	teleost	targetTaxonomicScope		"Prokaryotes, including Bacteria and Archaea"	"Eukaryotes, with a focus on microbial eukaryotic lineages"
R	controlled vocabulary	12S rRNA | 16S rRNA | 18S rRNA | 23S rRNA | 28S rRNA | rbcL | CytB | COI | COII | COIII | nifH | ITS | ND1 | ND2 | ND3 | ND4 | ND5 | ND6 | amoA | rpoB | rpoC1 | rpoC2 | matK | trnH | trnL | psbK | D-loop |  | other	PCR	COI	target_gene		16S rRNA	18S rRNA
O	free text		PCR	V6	target_subfragment		V4-V5	V9
O	integer		PCR	83	ampliconSize		411	260
M	free text		PCR	GGWACWGGWTGAACWGTWTAYCCYCC	pcr_primer_forward		GTGYCAGCMGCCGCGGTAA	GTACACACCGCCCGTC
M	free text		PCR	GGRGGRTASACSGTTCASCCSGTSCC	pcr_primer_reverse		CCGYCAATTYMTTTRAGTTT	TGATCCTTCTGCAGGTTCACCTAC
O	free text		PCR	mlCOIintF	pcr_primer_name_forward		515F-Y	1391f
O	free text		PCR	mlCOIintR	pcr_primer_name_reverse		926R	EukBr
R	free text		PCR	https://doi.org/10.1186/1742-9994-10-34	pcr_primer_reference_forward		10.1111/1462-2920.13023	10.1371/journal.pone.0006372
R	free text		PCR	https://doi.org/10.1186/1742-9994-10-34	pcr_primer_reference_reverse		10.1111/1462-2920.13023	10.1371/journal.pone.0006372
O	numeric		PCR	2	pcr_primer_vol_forward		0.375	0.25
O	numeric		PCR	2	pcr_primer_vol_reverse		0.375	0.25
O	numeric		PCR	5	pcr_primer_conc_forward	10		
O	numeric		PCR	5	pcr_primer_conc_reverse	10		
R	free text		PCR	FAM	probeReporter	not applicable		
R	controlled vocabulary	Zero-End Quencher (ZEN) | TAMRA | lowa Black | Minor Groove Binder (MGB) | Black Hole Quencher (BHQ) | other	PCR	MGB	probeQuencher	not applicable		
R	free text		PCR	CTTGTTTGTTTGATCAATTC	probe_seq	not applicable		
O	free text		PCR	10.1007/s00227-017-3141-x	probe_ref	not applicable		
O	numeric		PCR	100	probe_conc	not applicable		
R	free text		PCR	"Luna® Universal qPCR Master Mix, New England Biolabs"	commercial_mm	"AmpliTaq Gold 360 Master Mix, Thermo Fisher Scientific"		
R	free text		PCR	"Each PCR reaction comprised: 1 x Taq Gold buffer (Applied Biosystems [ABI], USA), 2 nM MgCl2 (ABI, USA), 0.4 mg/mL BSA (Fisher Biotec, Australia), 0.25 mM dNTPs (Astral Scientific, Australia), 0.4 μM each of forward and reverse primers (Integrated DNA Technologies, Australia), 0.6 μL of 1/10,000 SYBR Green dye (Life Technologies, USA), 1 U of Taq polymerase Gold (ABI, USA), 2 μL of DNA, and made up to 25 μL with PCR grade water"	custom_mm		"PCR reactions were run in triplicate (13.0 µl), with 1 µl of DNA per reaction, 5 µl of AmpliTaq Gold, 6.25 µl of water, and 0.375 µl of each primer (10 µM)."	"PCR reactions were run in triplicate (13.0 µl), with 1 µl of DNA per reaction, 5 µl of AmpliTaq Gold, 6.5 µl of water, and 0.25 µl of each primer (10 µM)."
R	numeric		PCR	2	pcr_dna_vol	1		
R	integer		PCR	3	pcr_rep	3		
R	free text		PCR	https://phylogenomics.me/protocols/16s-pcr-protocol/	nucl_acid_amp		https://doi.org/10.1111/1462-2920.13023	
O	free text		PCR	initial denaturation:94_3;annealing:50_1;elongation:72_1.5;final elongation:72_10;35	pcr_cond		initial denaturation:95_2;denaturation:95_0.75;annealing:50_0.75;elongation:68_1.5;final elongation:68_5;25	initial denaturation:94_3;denaturation:94_0.75;annealing:65_0.25;57_0.5;elongation:72_1.5;final elongation:72_10;35
O	numeric		PCR	60	annealingTemp		50	65;57
O	numeric		PCR	40	pcr_cycles		25	35
O	free text		PCR	BIO-RAD QuantaSoft	pcr_analysis_software			
O	free text		PCR	"Blocking primer (TAGTATAGCTACGAAGCCGAGGAGG-c3) (Wilcox et al. 2014, DOI 10.1007/s12686-013-0113-4) was applied to prevent elongation of a closely related species"	pcr_method_additional			
R	controlled vocabulary	one-step PCR | two-step PCR | ligation-based | other	Library preparation sequencing	two-step PCR	barcoding_pcr_appr	two-step PCR		
R	controlled vocabulary	ILLUMINA | BGISEQ | CAPILLARY | DNBSEQ | ELEMENT | GENAPSYS | GENEMIND | HELICOS | ION_TORRENT | LS454 | OXFORD_NANOPORE | PACBIO_SMRT | TAPESTRI | VELA_DIAGNOSTICS | ULTIMA | other	Library preparation sequencing	ILLUMINA	platform	Illumina		
R	fixed format		Library preparation sequencing	Illumina HiSeq 1500 [OBI_0003386]	instrument	MiSeq 2x250		
R	free text		Library preparation sequencing	NextSeq 500/550 v2.5	seq_kit	Custom Illumina-compatible sequencing and indexing primers		
R	controlled vocabulary	paired end | single end | other	Library preparation sequencing	paired end	lib_layout	paired end		
O	free text		Library preparation sequencing	University of Maryland Genomics Resource Center	sequencing_location	Michigan State University Research Technology Support Facility Genomics Core		
R	free text		Library preparation sequencing	AATGATACGGCGACCACCGAGATCTACACGCT	adapter_forward	ACACTGACGACATGGTTCTACA		
R	free text		Library preparation sequencing	CAAGCAGAAGACGGCATACGAGAT	adapter_reverse	TACGGTAGCAGAGACTTGGTCT		
O	free text		Library preparation sequencing	"The library was size selected using a Pippin-Prep (Sage Science, Beverly, USA), purified using the Qiaquick PCR Purification Kit (Qiagen), quantified using a Qubit (Invitrogen) and diluted to 2 nM before loading it onto a MiSeq Flow Cell"	lib_screen			
O	free text		Library preparation sequencing	PhiX was spiked in at 15%	seq_method_additional			
R	free text		Bioinformatics	https://github.com/mahsa-mousavi/eDNAFlow	sop_bioinformatics	https://github.com/aomlomics/tourmaline		
O	free text		Bioinformatics	cutadapt v4.9	trim_method	Cutadapt		
O	free text		Bioinformatics	ADAPTER;min_overlap=5	trim_param		qiime cutadapt trim-paired --i-demultiplexed-sequences demux-paired-end-16S.qza --p-front-f GTGYCAGCMGCCGCGGTAA --p-adapter-f AAACTYAAAKRAATTGRCGG --p-front-r CCGYCAATTYMTTTRAGTTT --p-adapter-r TTACCGCGGCKGCTGRCAC --verbose --p-error-rate 0.5  --o-trimmed-sequences demux-trimmed-16S.qza	qiime cutadapt trim-paired --i-demultiplexed-sequences demux-paired-end-18S.qza --p-adapter-f GTACACACCGCCCGTC...GTAGGTGAACCTGCAGAAGGATCA --p-adapter-r TGATCCTTCTGCAGGTTCACCTAC...GACGGGCGGTGTGTAC --verbose --p-error-rate 0.5 --o-trimmed-sequences demux-trimmed-18S.qza
O	free text		Bioinformatics	DADA2 1.26	demux_tool	Illumina Bcl2fastq v2.20.0		
O	integer		Bioinformatics	0	demux_max_mismatch			
O	free text		Bioinformatics	AdapterRemoval 2.3.3	merge_tool	qiime2-2021.2;  DADA2 v1.18.0		
O	integer		Bioinformatics	12	merge_min_overlap	12		
O	integer		Bioinformatics	120	min_len_cutoff	2		
O	free text		Bioinformatics	OBITools3	min_len_tool	qiime2-2021.2;  DADA2 v1.18.0		
O	free text		Bioinformatics	FASTQC v0.12.1	error_rate_tool	qiime2-2021.2; DADA2 v1.18.0		
O	controlled vocabulary	Phred score | expected error rate | other	Bioinformatics	Phred score	error_rate_type	expected error rate		
O	numeric		Bioinformatics	25	error_rate_cutoff	2		
O	free text		Bioinformatics	"denovo, uchime v4.1"	chimera_check_method	denovo; qiime2-2021.2; DADA2 v1.18.0		
O	free text		Bioinformatics	β parameter >=1	chimera_check_param	--chimera_method consensus --min_parental_fold 1		
O	free text		Bioinformatics	q2-dada2 2019.1.0	otu_clust_tool	qiime2-2021.2; DADA2 v1.18.0		
O	numeric		Bioinformatics	97	otu_clust_cutoff	100		
O	numeric or controlled vocabulary	numeric value | noise detected in blanks | other	Bioinformatics	5	min_reads_cutoff	1		
O	controlled vocabulary	reads | % | other	Bioinformatics	%	min_reads_cutoff_unit	reads		
O	free text		Bioinformatics	DADA2 1.26	min_reads_tool	qiime2-2021.2; DADA2 v1.18.0		
R	free text		Bioinformatics	NCBI GenBank Release 260.0 | custom	otu_db		Silva SSU Ref NR 99 v138.1; 515f-926r region; 10.5281/zenodo.8392695	PR2 v5.0.1; V9 1391f-1510r region; 10.5281/zenodo.8392706
O	free text		Bioinformatics	"Unpublished custom database, containing COI sequences of 209 fish species collected from Western Australia (study area)"	otu_db_custom			
O	controlled vocabulary	sequence similarity | sequence composition | phylogeny | probabilistic | other	Bioinformatics	sequence similarity	tax_assign_cat	sequence composition		
O	free text		Bioinformatics	blastn;2.6.0+	otu_seq_comp_appr	qiime2-2021.2; naive bayes classifier; scikit-learn 0.23.1		
O	numeric		Bioinformatics	90	tax_class_id_cutoff	not applicable		
O	numeric		Bioinformatics	98	tax_class_query_cutoff	not applicable		
O	free text		Bioinformatics	"Taxonomic levels were dropped to the lowest common ancestor (LCA) with the similarity thresholds of 99%, and also based on % identify thresholds (>98% species, 95-98% genus, 90-95% family)."	tax_class_collapse	0.7		
O	free text		Bioinformatics	NEED AN EXAMPLE HERE	tax_class_other			
R	free text		Bioinformatics	"Taxa detected in negative controls were checked, and the read counts were applied as a cutoff to call presence."	screen_contam_method			
O	free text		Bioinformatics	"Distribution information was checked using FishBase, and species that did not reside in the study area were removed."	screen_geograph_method			
O	free text		Bioinformatics	"Non-targeted species (i.e. domestic animals, humans and non-marine species) were removed from the curated OTU table and downstream data analyses. OTUs that were assigned to species in WoRMS were kept in the curated OTU table."	screen_nontarget_method			
O	free text		Bioinformatics	NEED AN EXAMPLE HERE	screen_other			
O	free text		Bioinformatics	"The min_reads_cutoff was 1 read, but singletons were kept if the same sequence was detected in multiple samples. Data was curated using r-package LULU, minimum_mismatch cutoff 90%"	bioinfo_method_additional			
O	free text		User defined		expedition_id	GOMECC-4 (2021)		
M	free text		Bioinformatics	gomecc4-16S-p3-6_v2024.10 | gomecc4-16S-p3-6_repseqs | gomecc4-16S-p3-6_taxa	analysis_run_name		tourmaline-16S-09262022 | tourmaline-16S-09232022	tourmaline-18S-09222022
R	controlled vocabulary	dada2pe | dada2se | deblur | other	Bioinformatics		asv_method	dada2pe		
R	integer		Bioinformatics		dada2_trunc_len_f		230	120
R	integer		Bioinformatics		dada2pe_trunc_len_r		170	120
R	integer		Bioinformatics		dada2_trim_left_f	0		
R	integer		Bioinformatics		dada2pe_trim_left_r	0		
O	integer		Bioinformatics		dada2_max_ee_f	2		
O	integer		Bioinformatics		dada2pe_max_ee_r	2		
O	integer		Bioinformatics		dada2_trunc_q	2		
O	controlled vocabulary	independent | pseudo | standard	Bioinformatics		dada2_pooling_method	independent		
O	controlled vocabulary	consensus | none | pooled	Bioinformatics		dada2_chimera_method	consensus		
O	integer		Bioinformatics		dada2_min_fold_parent_over_abundance	1		
O	integer		Bioinformatics		dada2_n_reads_learn	1000000		
O	integer		Bioinformatics		deblur_trim_length			
O	boolean		Bioinformatics		deblur_sample_stats			
O	numeric		Bioinformatics		deblur_mean_error			
O	numeric		Bioinformatics		deblur_indel_prob			
O	integer		Bioinformatics		deblur_indel_max			
O	integer		Bioinformatics		deblur_min_reads			
O	integer		Bioinformatics		deblur_min_size			
O	integer		Bioinformatics		repseq_min_length			
O	integer		Bioinformatics		repseq_max_length			
O	numeric		Bioinformatics		repseq_min_abundance			
O	numeric		Bioinformatics		repseq_min_prevalence			
O	boolean		Bioinformatics		discard_untrimmed	FALSE		
