requirement_level_code	O	M	M	M	O	O	O	O	M	M	O	O	O	O	O	O	M	M	M	R	R	R	R	R	R	R	O	O	O	R	R	O	R	O	O	O	O	R	R	R	R	R	R	O	O	R	O	O	O	R	R	O	O	R	R	R	O	O	O	O	O	R	O	M	R	M	O	O	R	R	O	O	R	R	R	R	O	R	R	R	O	O	O	O	O	O	O	O	O	O	O	O	O	O	O	O	O	O	O	O	O	O	O	O	O	O	O	O	O	O	O	O	O	O	O	O	O	O	O	O	O	O	O
field_type	free text	controlled vocabulary	numeric	numeric	free text	free text	controlled vocabulary	controlled vocabulary	fixed format	fixed format	numeric	controlled vocabulary	free text	free text	free text	free text	fixed format	fixed format	fixed format	Boolean	free text	free text	numeric	controlled vocabulary	numeric or controlled vocabulary	controlled vocabulary	fixed format	free text	free text	Boolean	fixed format	numeric	numeric	numeric	numeric	controlled vocabulary	free text	controlled vocabulary	numeric	numeric	numeric	numeric or controlled vocabulary	controlled vocabulary	numeric	free text	free text	fixed format	fixed format	fixed format	numeric	controlled vocabulary	controlled vocabulary	controlled vocabulary	free text	free text	free text	Boolean	free text	numeric	free text	numeric	integer	free text	free text	free text	free text	free text	free text	free text	free text	free text	free text	integer	integer	integer	integer	free text	numeric	numeric	numeric	numeric	numeric	numeric	numeric	numeric	numeric	free text	numeric	numeric	free text	numeric	numeric	free text	free text	numeric	numeric	numeric	numeric	numeric	numeric	numeric	numeric	numeric	numeric	numeric	numeric	numeric	numeric	numeric	numeric	numeric	numeric	numeric	numeric	numeric	numeric	numeric	free text	free text	free text	free text	free text	free text
controlled_vocabulary_options		sample | negative control | positive control | PCR standard | other					decimal degrees | degrees minutes seconds | UTM | other	WGS84 | NAD84 | NAD27 | GDA94 | GDA2020 | ETRS89 | JGD2000 | other				minutes | hours | days | months| years					http://purl.obolibrary.org/obo/ENVO_00000428	http://purl.obolibrary.org/obo/ENVO_01000281	http://purl.obolibrary.org/obo/ENVO_00010483	0 | 1				mL | L | mg | g | kg | cm2 | m2 | cm3 | m3 | other	numeric value | ambient temperature | other	ethanol | sodium acetate | longmire | lysis buffer | none | other				0 | 1						cellulose | cellulose ester | glass fiber | thermoplastic membrane | track etched polycarbonate | nylon | other		ethanol | isopropanol | sodium chloride | other				numeric value | ambient temperature | other	ethanol | sodium acetate | longmire | lysis buffer | none | other								mL | L | mg | g | kg | cm2 | m2 | cm3 | m3 | other	physical | chemical | enzymatic | thermal | osmotic | other	column-based | magnetic beads | centrifugation | precipitation | phenol chloroform | gel electrophoresis | other				0 | 1																																																																		
Water																					1	1	1	1	1	1	1	1	1	1	1	1	1	1	1	1	1	1	1	1	1	1	1	1	1																																1	1	1	1	1	1	1	1	1	1	1	1	1	1	1	1	1	1	1	1	1	1	1	1	1	1	1	1	1	1	1	1	1	1	1	1	1	1	1	1	1						
section	User defined	Sample collection	Sample collection	Sample collection	Sample collection	Sample collection	Sample collection	Sample collection	Sample collection	Sample collection	Sample collection	Sample collection	Sample collection	Sample collection	Sample collection	Sample collection	Sample collection	Sample collection	Sample collection	Sample collection	Sample collection	Sample collection	Sample collection	Sample collection	Sample storage	Sample storage	Sample storage	Sample storage	Sample preparation	Sample preparation	Sample preparation	Sample preparation	Sample preparation	Sample preparation	Sample preparation	Sample preparation	Sample preparation	Sample preparation	Sample preparation	Sample preparation	Sample preparation	Sample preparation	Sample preparation	Sample preparation	Sample preparation	Quality assurance	Sample relations	Sample relations	Sample relations	Nucleic acid extraction	Nucleic acid extraction	Nucleic acid extraction	Nucleic acid extraction	Nucleic acid extraction	Nucleic acid extraction	Nucleic acid extraction	Nucleic acid extraction	Nucleic acid extraction	Nucleic acid extraction	Nucleic acid extraction	Nucleic acid extraction	Nucleic acid extraction	Nucleic acid extraction	PCR	PCR	Library preparation sequencing	Library preparation sequencing	Library preparation sequencing	Library preparation sequencing	Library preparation sequencing	User defined	User defined	Bioinformatics	Bioinformatics	Bioinformatics	Bioinformatics	Environment	Environment	Environment	Environment	Environment	Environment	Environment	Environment	Environment	Environment	Environment	Environment	Environment	Environment	Environment	Environment	Environment	Environment	Environment	Environment	Environment	Environment	Environment	Environment	Environment	Environment	Environment	Environment	Environment	Environment	Environment	Environment	Environment	Environment	Environment	Environment	Environment	Environment	Environment	Environment	Environment	User defined	User defined	User defined	User defined	User defined	User defined
example			-41.0983423	-121.176111	41 05 54.03S	"121d 10' 34"" W"	degrees minutes seconds	NAD84	"USA: Maryland, Bethesda"	2008-01-23T19:23-06:00	25	minutes	23-Jan-08	10:23	23-Jan-08	12:23	estuarine biome [ENVO:01000020]	estuarine coastal surface layer [ENVO:01001302]	soil [ENVO:00001998]	0	https://research.csiro.au/ambsm/1-sample-collection-procedures/meth_1-2-soil-sampling-for-utas-urban-soil-and-aerial-microbiome-study/	push core	5	L	-80	none	P1Y6M	The sample was thawed overnight at room temperature prior to DNA extraction	"Water samples were pre-filtered using a sieve (200 micrometers), then filtered using a peristaltic pump (pore size 0.45 micrometers)."	1	T1H30M	20	0.22	47	1734.94	cellulose ester	Merck Sterivex	ethanol | sodium chloride	20000	45	10	ambient temperature	lysis buffer	14	"See Villacorta-Rath et al. (2020) (doi.org/10.1002/edn3.114) for the detailed precipitation protocols. ATL lysis buffer was used for prepped_samp_store_sol. Prepped_samp_store_temp was ambient, average of 22 degree Celsius"	field_blank1 | ext_blank2 | pcr_ntc_plate1 | pcr_posC_plate1	S1	S1 | S2	S1_1 | S1_2 | S1_3	1500	mL			https://www.qiagen.com/us/resources/resourcedetail?id=5a0517a7-711d-4085-8a28-2bb25fab828a&lang=en	Qiagen PowerSoil Kit	"Sample was lysed in 540 �L of ATL buffer and 60 �L of Proteinase K, and eluted in 100 �L of buffer EB, instead of 180 �L, 20 �L and 200 �L respectively"	1	Zymo DNA Clean & Concentrator Kits	67.5	Qubit 4.0 Fluorometer (Invitrogen)		2		MiFish	20240802_pcr1	lib20230922	GTGAATAT	AACAAGCC	S1_R1.fastq	S1_R2.fastq			20485	16847	86	49	foggy	0.2	0.2	15	100	25	5	0.3	Bicarbonate ion concentration;2075 micromole per kilogram	7.2	https://www.epa.gov/sites/default/files/2015-12/documents/9040c.pdf	25	0.5	high tide	0.3	10	1.36 kw/m2/day	NW	5.14																												
samp_name	serial_number	samp_category	decimalLatitude	decimalLongitude	verbatimLatitude	verbatimLongitude	verbatimCoordinateSystem	verbatimSRS	geo_loc_name	eventDate	eventDurationValue	eventDurationUnit	verbatimEventDate	verbatimEventTime	verbatimDateEnd	verbatimTimeEnd	env_broad_scale	env_local_scale	env_medium	habitat_natural_artificial_0_1	samp_collect_method	samp_collect_device	samp_size	samp_size_unit	samp_store_temp	samp_store_sol	samp_store_dur	samp_store_method_additional	samp_mat_process	filter_passive_active_0_1	filter_onsite_dur	size_frac_low	size_frac	filter_diameter	filter_surface_area	filter_material	filter_name	precip_chem_prep	precip_force_prep	precip_time_prep	precip_temp_prep	prepped_samp_store_temp	prepped_samp_store_sol	prepped_samp_store_dur	prep_method_additional	rel_cont_id	sample_derived_from	sample_composed_of	biological_rep_relation	samp_vol_we_dna_ext	samp_vol_we_dna_ext_unit	nucl_acid_ext_lysis	nucl_acid_ext_sep	nucl_acid_ext	nucl_acid_ext_kit	nucl_acid_ext_modify	dna_cleanup_0_1	dna_cleanup_method	concentration	concentration_method	ratioOfAbsorbance260_280	pool_dna_num	nucl_acid_ext_method_additional	assay_name	pcr_plate_id	library_id	mid_forward	mid_reverse	filename	filename2	biosample_accession	sra_accession	input_read_count	output_read_count	output_otu_num	otu_num_tax_assgined	samp_weather	minimumDepthInMeters	maximumDepthInMeters	tot_depth_water_col	elev	temp	chlorophyll	light_intensity	misc_param	ph	ph_meth	salinity	suspend_part_matter	tidal_stage	turbidity	water_current	solar_irradiance	wind_direction	wind_speed	diss_inorg_carb	diss_inorg_nitro	diss_org_carb	diss_org_nitro	diss_oxygen	tot_diss_nitro	tot_inorg_nitro	tot_nitro	tot_part_carb	tot_org_carb	tot_org_c_meth	tot_nitro_content	tot_nitro_cont_meth	tot_carb	part_org_carb	part_org_nitro	nitrate	nitrite	nitro	org_carb	org_matter	org_nitro	cruise_id	station	phaeopigments	ammonium	phosphate	silicate
Control10_20190721_MiFish_S52	GOMECC4_004	sample	26.997	-79.618					"USA: Atlantic Ocean, east of Florida (27 N)"	2021-09-14T11:00-04:00							marine biome [ENVO:00000447]	marine photic zone [ENVO:00000209]	sea water [ENVO:00002149]																																													MiFish		GOMECC18S_Plate4_53			GOMECC18S_Plate4_53_S340_L001_R1_001.fastq.gz	GOMECC18S_Plate4_53_S340_L001_R2_001.fastq.gz	SAMN37516094	SRR26161153																																																			
Control12_20190731_MiFish_S53	GOMECC4_005	sample	26.997	-79.618					"USA: Atlantic Ocean, east of Florida (27 N)"	2021-09-14T11:00-04:00							marine biome [ENVO:00000447]	marine photic zone [ENVO:00000209]	sea water [ENVO:00002149]																																													MiFish		GOMECC18S_Plate4_46			GOMECC18S_Plate4_46_S333_L001_R1_001.fastq.gz	GOMECC18S_Plate4_46_S333_L001_R2_001.fastq.gz	SAMN37516095	SRR26161138																																																			
Control9_20190715_MiFish_S51	GOMECC4_006	sample	26.997	-79.618					"USA: Atlantic Ocean, east of Florida (27 N)"	2021-09-14T11:00-04:00							marine biome [ENVO:00000447]	marine photic zone [ENVO:00000209]	sea water [ENVO:00002149]																																													MiFish		GOMECC18S_Plate4_54			GOMECC18S_Plate4_54_S341_L001_R1_001.fastq.gz	GOMECC18S_Plate4_54_S341_L001_R2_001.fastq.gz	SAMN37516096	SRR26160919																																																			
ExtNeg_20190910_MiFish_S55	GOMECC4_001	sample	26.997	-79.618					"USA: Atlantic Ocean, east of Florida (27 N)"	2021-09-14T11:00-04:00							marine biome [ENVO:00000447]	marine mesopelagic zone [ENVO:00000213]	sea water [ENVO:00002149]																																													MiFish		GOMECC18S_Plate4_52			GOMECC18S_Plate4_52_S339_L001_R1_001.fastq.gz	GOMECC18S_Plate4_52_S339_L001_R2_001.fastq.gz	SAMN37516091	SRR26160709																																																			
ExtNeg_20190918_MiFish_S56	GOMECC4_002	sample	26.997	-79.618					"USA: Atlantic Ocean, east of Florida (27 N)"	2021-09-14T11:00-04:00							marine biome [ENVO:00000447]	marine mesopelagic zone [ENVO:00000213]	sea water [ENVO:00002149]																																													MiFish		GOMECC18S_Plate4_60			GOMECC18S_Plate4_60_S347_L001_R1_001.fastq.gz	GOMECC18S_Plate4_60_S347_L001_R2_001.fastq.gz	SAMN37516092	SRR26160970																																																			
ExtNeg_20191028_MiFish_S57	GOMECC4_003	sample	26.997	-79.618					"USA: Atlantic Ocean, east of Florida (27 N)"	2021-09-14T11:00-04:00							marine biome [ENVO:00000447]	marine mesopelagic zone [ENVO:00000213]	sea water [ENVO:00002149]																																													MiFish		GOMECC18S_Plate4_62			GOMECC18S_Plate4_62_S349_L001_R1_001.fastq.gz	GOMECC18S_Plate4_62_S349_L001_R2_001.fastq.gz	SAMN37516093	SRR26161158																																																			
ExtNeg_20191031_MiFish_S58	GOMECC4_007	sample	26.997	-79.618					"USA: Atlantic Ocean, east of Florida (27 N)"	2021-09-14T11:00-04:00							marine biome [ENVO:00000447]	marine photic zone [ENVO:00000209]	sea water [ENVO:00002149]																																													MiFish		GOMECC18S_Plate4_63			GOMECC18S_Plate4_63_S350_L001_R1_001.fastq.gz	GOMECC18S_Plate4_63_S350_L001_R2_001.fastq.gz	SAMN37516097	SRR26160779																																																			
GU190706-CTD11-220_MiFish_S30	GOMECC4_008	sample	26.997	-79.618					"USA: Atlantic Ocean, east of Florida (27 N)"	2021-09-14T11:00-04:00							marine biome [ENVO:00000447]	marine photic zone [ENVO:00000209]	sea water [ENVO:00002149]																																													MiFish		GOMECC18S_Plate4_66			GOMECC18S_Plate4_66_S353_L001_R1_001.fastq.gz	GOMECC18S_Plate4_66_S353_L001_R2_001.fastq.gz	SAMN37516098	SRR26161035																																																			
GU190707-CTD13-310_MiFish_S31	GOMECC4_012	sample	26.994	-79.859					"USA: Atlantic Ocean, east of Florida (27 N)"	2021-09-14T19:47-04:00							marine biome [ENVO:00000447]	marine photic zone [ENVO:00000209]	sea water [ENVO:00002149]																																													MiFish		GOMECC18S_Plate4_56			GOMECC18S_Plate4_56_S343_L001_R1_001.fastq.gz	GOMECC18S_Plate4_56_S343_L001_R2_001.fastq.gz	SAMN37516102	SRR26160768																																																			
GU190707-CTD14-315_MiFish_S32	GOMECC4_013	sample	26.994	-79.859					"USA: Atlantic Ocean, east of Florida (27 N)"	2021-09-14T19:47-04:00							marine biome [ENVO:00000447]	marine photic zone [ENVO:00000209]	sea water [ENVO:00002149]																																													MiFish		GOMECC18S_Plate4_50			GOMECC18S_Plate4_50_S337_L001_R1_001.fastq.gz	GOMECC18S_Plate4_50_S337_L001_R2_001.fastq.gz	SAMN37516103	SRR26160756																																																			
GU190708-CTD17-171_MiFish_S34	GOMECC4_014	sample	26.994	-79.859					"USA: Atlantic Ocean, east of Florida (27 N)"	2021-09-14T19:47-04:00							marine biome [ENVO:00000447]	marine photic zone [ENVO:00000209]	sea water [ENVO:00002149]																																													MiFish		GOMECC18S_Plate4_45			GOMECC18S_Plate4_45_S332_L001_R1_001.fastq.gz	GOMECC18S_Plate4_45_S332_L001_R2_001.fastq.gz	SAMN37516104	SRR26161135																																																			
GU190709-CTD20-280_MiFish_S35	GOMECC4_009	sample	26.994	-79.859					"USA: Atlantic Ocean, east of Florida (27 N)"	2021-09-14T19:47-04:00							marine biome [ENVO:00000447]	marine mesopelagic zone [ENVO:00000213]	sea water [ENVO:00002149]																																													MiFish		GOMECC18S_Plate4_64			GOMECC18S_Plate4_64_S351_L001_R1_001.fastq.gz	GOMECC18S_Plate4_64_S351_L001_R2_001.fastq.gz	SAMN37516099	SRR26161130																																																			
GU190710-CTD22-245_MiFish_S36	GOMECC4_010	sample	26.994	-79.859					"USA: Atlantic Ocean, east of Florida (27 N)"	2021-09-14T19:47-04:00							marine biome [ENVO:00000447]	marine mesopelagic zone [ENVO:00000213]	sea water [ENVO:00002149]																																													MiFish		GOMECC18S_Plate4_49			GOMECC18S_Plate4_49_S336_L001_R1_001.fastq.gz	GOMECC18S_Plate4_49_S336_L001_R2_001.fastq.gz	SAMN37516100	SRR26160856																																																			
GU190710-CTD23-190_MiFish_S37	GOMECC4_011	sample	26.994	-79.859					"USA: Atlantic Ocean, east of Florida (27 N)"	2021-09-14T19:47-04:00							marine biome [ENVO:00000447]	marine mesopelagic zone [ENVO:00000213]	sea water [ENVO:00002149]																																													MiFish		GOMECC18S_Plate4_59			GOMECC18S_Plate4_59_S346_L001_R1_001.fastq.gz	GOMECC18S_Plate4_59_S346_L001_R2_001.fastq.gz	SAMN37516101	SRR26160732																																																			
GU190714-CTD25-185_MiFish_S38	GOMECC4_015	sample	26.994	-79.859					"USA: Atlantic Ocean, east of Florida (27 N)"	2021-09-14T19:47-04:00							marine biome [ENVO:00000447]	marine photic zone [ENVO:00000209]	sea water [ENVO:00002149]																																													MiFish		GOMECC18S_Plate4_24			GOMECC18S_Plate4_24_S311_L001_R1_001.fastq.gz	GOMECC18S_Plate4_24_S311_L001_R2_001.fastq.gz	SAMN37516105	SRR26160942																																																			
GU190714-CTD26-260_MiFish_S39	GOMECC4_016	sample	26.994	-79.859					"USA: Atlantic Ocean, east of Florida (27 N)"	2021-09-14T19:47-04:00							marine biome [ENVO:00000447]	marine photic zone [ENVO:00000209]	sea water [ENVO:00002149]																																													MiFish		GOMECC18S_Plate4_32			GOMECC18S_Plate4_32_S319_L001_R1_001.fastq.gz	GOMECC18S_Plate4_32_S319_L001_R2_001.fastq.gz	SAMN37516106	SRR26161122																																																			
GU190715-CTD28-310_MiFish_S40	GOMECC4_017	sample	26.994	-79.859					"USA: Atlantic Ocean, east of Florida (27 N)"	2021-09-14T19:47-04:00							marine biome [ENVO:00000447]	marine photic zone [ENVO:00000209]	sea water [ENVO:00002149]																																													MiFish		GOMECC18S_Plate4_27			GOMECC18S_Plate4_27_S314_L001_R1_001.fastq.gz	GOMECC18S_Plate4_27_S314_L001_R2_001.fastq.gz	SAMN37516107	SRR26160934																																																			
GU190721-CTD31-205_MiFish_S41	GOMECC4_021	sample	26.991	-79.987					"USA: Atlantic Ocean, east of Florida (27 N)"	2021-09-14T23:45-04:00							marine biome [ENVO:00000447]	marine photic zone [ENVO:00000209]	sea water [ENVO:00002149]																																													MiFish		GOMECC18S_Plate4_47			GOMECC18S_Plate4_47_S334_L001_R1_001.fastq.gz	GOMECC18S_Plate4_47_S334_L001_R2_001.fastq.gz	SAMN37516111	SRR26160923																																																			
GU190722-CTD33-205_MiFish_S42	GOMECC4_022	sample	26.991	-79.987					"USA: Atlantic Ocean, east of Florida (27 N)"	2021-09-14T23:45-04:00							marine biome [ENVO:00000447]	marine photic zone [ENVO:00000209]	sea water [ENVO:00002149]																																													MiFish		GOMECC18S_Plate4_57			GOMECC18S_Plate4_57_S344_L001_R1_001.fastq.gz	GOMECC18S_Plate4_57_S344_L001_R2_001.fastq.gz	SAMN37516112	SRR26161107																																																			
GU190724-CTD36-310_MiFish_S43	GOMECC4_023	sample	26.991	-79.987					"USA: Atlantic Ocean, east of Florida (27 N)"	2021-09-14T23:45-04:00							marine biome [ENVO:00000447]	marine photic zone [ENVO:00000209]	sea water [ENVO:00002149]																																													MiFish		GOMECC18S_Plate4_65			GOMECC18S_Plate4_65_S352_L001_R1_001.fastq.gz	GOMECC18S_Plate4_65_S352_L001_R2_001.fastq.gz	SAMN37516113	SRR26160749																																																			
GU190727-CTD40-210_MiFish_S44	GOMECC4_018	sample	26.991	-79.987					"USA: Atlantic Ocean, east of Florida (27 N)"	2021-09-14T23:45-04:00							marine biome [ENVO:00000447]	marine photic zone [ENVO:00000209]	sea water [ENVO:00002149]																																													MiFish		GOMECC18S_Plate4_51			GOMECC18S_Plate4_51_S338_L001_R1_001.fastq.gz	GOMECC18S_Plate4_51_S338_L001_R2_001.fastq.gz	SAMN37516108	SRR26160915																																																			
GU190727-CTD41B-145_MiFish_S45	GOMECC4_019	sample	26.991	-79.987					"USA: Atlantic Ocean, east of Florida (27 N)"	2021-09-14T23:45-04:00							marine biome [ENVO:00000447]	marine photic zone [ENVO:00000209]	sea water [ENVO:00002149]																																													MiFish		GOMECC18S_Plate4_61			GOMECC18S_Plate4_61_S348_L001_R1_001.fastq.gz	GOMECC18S_Plate4_61_S348_L001_R2_001.fastq.gz	SAMN37516109	SRR26161149																																																			
GU190728-CTD44B-125_MiFish_S47	GOMECC4_020	sample	26.991	-79.987					"USA: Atlantic Ocean, east of Florida (27 N)"	2021-09-14T23:45-04:00							marine biome [ENVO:00000447]	marine photic zone [ENVO:00000209]	sea water [ENVO:00002149]																																													MiFish		GOMECC18S_Plate4_55			GOMECC18S_Plate4_55_S342_L001_R1_001.fastq.gz	GOMECC18S_Plate4_55_S342_L001_R2_001.fastq.gz	SAMN37516110	SRR26161144																																																			
GU190729-CTD46-240_MiFish_S48	GOMECC4_024	sample	26.991	-79.987					"USA: Atlantic Ocean, east of Florida (27 N)"	2021-09-14T23:45-04:00							marine biome [ENVO:00000447]	marine photic zone [ENVO:00000209]	sea water [ENVO:00002149]																																													MiFish		GOMECC18S_Plate4_58			GOMECC18S_Plate4_58_S345_L001_R1_001.fastq.gz	GOMECC18S_Plate4_58_S345_L001_R2_001.fastq.gz	SAMN37516114	SRR26160842																																																			
GU190729-CTD47-140_MiFish_S49	GOMECC4_025	sample	26.991	-79.987					"USA: Atlantic Ocean, east of Florida (27 N)"	2021-09-14T23:45-04:00							marine biome [ENVO:00000447]	marine photic zone [ENVO:00000209]	sea water [ENVO:00002149]																																													MiFish		GOMECC18S_Plate4_48			GOMECC18S_Plate4_48_S335_L001_R1_001.fastq.gz	GOMECC18S_Plate4_48_S335_L001_R2_001.fastq.gz	SAMN37516115	SRR26160900																																																			
GU190731-CTD50-150_MiFish_S50	GOMECC4_026	sample	26.991	-79.987					"USA: Atlantic Ocean, east of Florida (27 N)"	2021-09-14T23:45-04:00							marine biome [ENVO:00000447]	marine photic zone [ENVO:00000209]	sea water [ENVO:00002149]																																													MiFish		GOMECC18S_Plate4_71			GOMECC18S_Plate4_71_S358_L001_R1_001.fastq.gz	GOMECC18S_Plate4_71_S358_L001_R2_001.fastq.gz	SAMN37516116	SRR26160837																																																			
